Workbook

Sheet Plan Summary
A3: Equipment Class | C3: RTV
A5: Plan Hours | C5: 300 | D5: Hours
A7: Service At Shop or In Field | C7: Service In Shop
J8: Total Hours | K8: Total Labor
A9: Plan Term | C9: 60 | D9: Months | H9: Labor Rate | I9: =IF(C7="Service in Field",'Plan Set Up'!E2,'Plan Set Up'!E1) -> 120 | J9: =SUM(K13:K132) -> 11.55 | K9: =IF(AND(I9<>"",J9<>""),+J9*I9,"") -> 1386
A11: Total Cost For Plan | C11: =IFERROR(VLOOKUP(C3,'Total Cost for Plan'!A4:BQ34,69,0),0)+180 -> 2238.34 | F11: Reimbursement | G11: Interval | H11: Occurence in Plan | I11: Total for Line Item | J11: Hours Per item | K11: Total Hours
A13: =_xlfn.TEXTJOIN(", ",TRUE,'Scheduled Intervals'!B43:B92) -> 50 hours Perform Oil and Filter Change, Change HST Oil Filter , Grease Machine at required lubrication fittings, Conduct Multi Point Inpection and make minor adjustments, Change Hydraulic suction return filter | F13: =SUM('Scheduled Intervals'!C43:C61) -> 351.31 | G13: ='Scheduled Intervals'!B37 -> 50 | H13: 1 | I13: =F13*H13 -> 351.31 | J13: =SUM('Scheduled Intervals'!D43:D61) -> 1.65 | K13: =IF(AND(H13<>"",J13<>""),+J13*H13,"") -> 1.65
A17: =CONCATENATE("Includes ",C7) -> Includes Service In Shop
A18: {=_xlfn.SORTBY('Scheduled Intervals'!F43:F94,'Scheduled Intervals'!G43:G94)} -> Perform Annual Oil and Filter Change | F18: {=_xlfn.SORTBY('Scheduled Intervals'!H43:H94,'Scheduled Intervals'!G43:G94)} -> 89.63 | G18: {=_xlfn.SORTBY('Scheduled Intervals'!G43:G94,'Scheduled Intervals'!G43:G94)} -> 1 | H18: {=_xlfn.SORTBY('Scheduled Intervals'!I43:I94,'Scheduled Intervals'!G43:G94)} -> 5 | I18: =IF(F18<>"",(F18*H18),"") -> 448.15 | J18: {=_xlfn.SORTBY('Scheduled Intervals'!J43:J94,'Scheduled Intervals'!G43:G94)} -> 0.4 | K18: =IF(AND(H18<>"",J18<>""),+J18*H18,"") -> 2
A19: Annually Grease Machine at Assorted Lubrication Points | F19: 23.07 | G19: 1 | H19: 5 | I19: =IF(F19<>"",(F19*H19),"") -> 115.35 | J19: 0.1 | K19: =IF(AND(H19<>"",J19<>""),+J19*H19,"") -> 0.5
A20: Conduct Annual Multi Point Inpection and Make Minor Adjustments | F20: 126 | G20: 1 | H20: 5 | I20: =IF(F20<>"",(F20*H20),"") -> 630 | J20: 1.05 | K20: =IF(AND(H20<>"",J20<>""),+J20*H20,"") -> 5.25
A21: Every 200 hours - Perform Oil and Filter Change | F21: 89.63 | G21: 200 | H21: 1 | I21: =IF(F21<>"",(F21*H21),"") -> 89.63 | J21: 0.4 | K21: =IF(AND(H21<>"",J21<>""),+J21*H21,"") -> 0.4
A22: Every 200 hours - Drain Water from Fuel Tank | F22: 12 | G22: 200 | H22: 1 | I22: =IF(F22<>"",(F22*H22),"") -> 12 | J22: 0.1 | K22: =IF(AND(H22<>"",J22<>""),+J22*H22,"") -> 0.1
A23: Every 200 hours - Replace Transmission Oil Filters | F23: 51.07 | G23: 200 | H23: 1 | I23: =IF(F23<>"",(F23*H23),"") -> 51.07 | J23: 0.2 | K23: =IF(AND(H23<>"",J23<>""),+J23*H23,"") -> 0.2
A24: Every 200 hours - Change Hydraulic Oil Filter | F24: 76.69 | G24: 200 | H24: 1 | I24: =IF(F24<>"",(F24*H24),"") -> 76.69 | J24: 0.2 | K24: =IF(AND(H24<>"",J24<>""),+J24*H24,"") -> 0.2
A25: Every 200 hours - Change Suction Elements and Hydraulic Fluid | F25: 231.1 | G25: 200 | H25: 1 | I25: =IF(F25<>"",(F25*H25),"") -> 231.1 | J25: 0.9 | K25: =IF(AND(H25<>"",J25<>""),+J25*H25,"") -> 0.9
A26: Every 200 hours - Grease Machine at Assorted Lubrication Points | F26: 23.07 | G26: 200 | H26: 1 | I26: =IF(F26<>"",(F26*H26),"") -> 23.07 | J26: 0.1 | K26: =IF(AND(H26<>"",J26<>""),+J26*H26,"") -> 0.1
A27: Every 200 hours - Conduct Multi Point Inpection and Make Minor Adjustments | F27: 30 | G27: 200 | H27: 1 | I27: =IF(F27<>"",(F27*H27),"") -> 30 | J27: 0.25 | K27: =IF(AND(H27<>"",J27<>""),+J27*H27,"") -> 0.25
I28: =IF(F28<>"",(F28*H28),"") | K28: =IF(AND(H28<>"",J28<>""),+J28*H28,"")
I29: =IF(F29<>"",(F29*H29),"") | K29: =IF(AND(H29<>"",J29<>""),+J29*H29,"")
I30: =IF(F30<>"",(F30*H30),"") | K30: =IF(AND(H30<>"",J30<>""),+J30*H30,"")
I31: =IF(F31<>"",(F31*H31),"") | K31: =IF(AND(H31<>"",J31<>""),+J31*H31,"")
I32: =IF(F32<>"",(F32*H32),"") | K32: =IF(AND(H32<>"",J32<>""),+J32*H32,"")
I33: =IF(F33<>"",(F33*H33),"") | K33: =IF(AND(H33<>"",J33<>""),+J33*H33,"")
I34: =IF(F34<>"",(F34*H34),"") | K34: =IF(AND(H34<>"",J34<>""),+J34*H34,"")
I35: =IF(F35<>"",(F35*H35),"") | K35: =IF(AND(H35<>"",J35<>""),+J35*H35,"")
I36: =IF(F36<>"",(F36*H36),"") | K36: =IF(AND(H36<>"",J36<>""),+J36*H36,"")
I37: =IF(F37<>"",(F37*H37),"") | K37: =IF(AND(H37<>"",J37<>""),+J37*H37,"")
I38: =IF(F38<>"",(F38*H38),"") | K38: =IF(AND(H38<>"",J38<>""),+J38*H38,"")
I39: =IF(F39<>"",(F39*H39),"") | K39: =IF(AND(H39<>"",J39<>""),+J39*H39,"")
... I69: =IF(F69<>"",(F69*H69),"") | K69: =IF(AND(H69<>"",J69<>""),+J69*H69,"")

Sheet Interval Summary
A3: Equipment Class | C3: Skid Steer
A5: Interval | C5: 500 | D5: Hours
A7: Plan Includes Service At Shop or In Field | C7: Service In Shop
A9: Remibursement Rate | C9: =IF(C7="service in Shop",'Plan Set Up'!E1,'Plan Set Up'!E2) -> 120
A11: Services Included at Interval
A13: =_xlfn.TEXTJOIN(", ",TRUE,'Included @ Interval'!B39:B126) -> Perform Oil and Filter Change, Drain Water from Fuel Tank, Change fuel Filter Element, Change Hydraulic Oil Filter, Change or Clean Hydraulic Breather Element , Change or Clean Hydraulic return Filter , Change or Clean Cabin Air Filter, Grease Machine at Assorted Lubrication Points, Replace Air Cleaner element, Conduct Multi Point Inpection and Make Minor Adjustments
A18: Labor Hours Reimbursed | C18: =IFERROR(VLOOKUP($C$3,'Interval Reimb'!A$4:BR431,70,0),0) -> 3.75
A21: Remibursement for Service | C21: =IFERROR(VLOOKUP($C$3,'Interval Reimb'!A$4:BQ434,69,0),0) -> 1035.58

Sheet Scheduled Intervals
B1: First Service | Q1: One Time | U1: Included Maintenance Interval
A2: Category | B2: Perform Oil and Filter Change | C2: Clean Water seperator | D2: Drain Water from Fuel Tank | E2: Perform Transmission Filter and Fluid Service | F2: Change HST Oil Filter | G2: Change Hydraulic Fluid | H2: Grease Machine at required lubrication fittings | I2: Conduct Multi Point Inpection and make minor adjustments | J2: Perform Track Tension Adjustment | K2: Change fuel filter element | L2: Change final drive fluid | M2: Change hydraulic return filter | N2: Change final drive fluid | O2: Change final drive fluid | P2: Change Hydraulic suction return filter | Q2: Change Hydraulic Oil Filter and Oil | R2: Final Drive or Hydrostatic Oil Change | S2: Change Transmission Fluid and filters | T2: Change Hydraulic fluid | U2: Perform Oil and Filter Change | V2: Change Oil Seperator Element | W2: Clean Water seperator | X2: Replace Water Seperator Element | Y2: Drain Water from Fuel Tank | Z2: Change fuel Filter Element | AA2: Change Fuel Pump Filter and/or PCV Element | AB2: Perform Transmission Fluid and Tank Service | AC2: Replace Transmission Oil Filters | AE2: Change Hydraulic Oil Filter | AF2: Change or Clean Hydraulic Breather Element | AG2: Change or Clean Hydraulic return Filter | AH2: Change Hydraulic Pilot Filters and O-Ring | AI2: Change Suction Elements and Hydraulic Fluid | AJ2: Change Drive Oil - Front and Rear or Hydrostatic | AK2: Change Drive Oil Rear | AL2: Change Drive Oil Front | AM2: Change Gear Box Oil and Filter | AN2: Change Gear Box Seals | AO2: Grease Crank Shaft | AP2: Clean AC Condensor | AQ2: Clean Cabin Air Filter | AR2: Change Breather Foam | AS2: Change or Clean Cabin Air Filter | AT2: Grease Machine at Assorted Lubrication Points | AU2: Lubricate and Oil Throttle Cable | AV2: Adjust Track Tension | AW2: Check and Adjust Valve Clearance | AY2: Adjust Electonic Clutch | AZ2: Replace Fan/ Drive Belt | BA2: Replace or Replenish Power Steering Fluid | BB2: Replace Air Cleaner element | BC2: Replace Inner Air Filter | BD2: Replace Spark Plugs | BE2: Check End Play of Center Shaft and Make minor Adjustment | BF2: Check PCV and EGR Valves and Check Fuel Injectors | BG2: Check DEF Injector Tips and Line | BH2: Perform Coolant System Flush | BI2: Inspect and Sharpen Blades | BJ2: Conduct Multi Point Inpection and Make Minor Adjustments | BK2: Change DEF Suction and Pump Filters | BL2: Perform Brake Fluid Service | BM2: Change Swing Drive Oil | BN2: Perform Annual Oil and Filter Change | BO2: Annually Grease Machine at Assorted Lubrication Points | BP2: Conduct Annual Multi Point Inpection and Make Minor Adjustments | BQ2: Minimum Annual Hours
B3: Parts and Labor | C3: Labor Only | D3: Labor Only | E3: Parts and Labor | F3: Parts and Labor | G3: Parts and Labor | H3: Parts and Labor | I3: Labor Only | J3: Labor Only | K3: Parts and Labor | L3: Parts and Labor | M3: Parts and Labor | N3: Parts and Labor | O3: Parts and Labor | P3: Parts and Labor | Q3: Parts and Labor | R3: Parts and Labor | S3: Parts and Labor | T3: Parts and Labor | U3: Parts and Labor | V3: Parts and Labor | W3: Labor Only | X3: Parts and Labor | Y3: Labor Only | Z3: Parts and Labor | AA3: Parts and Labor | AB3: Parts and Labor | AC3: Parts and Labor | AD3: Parts and Labor | AE3: Parts and Labor | AF3: Parts and Labor | AG3: Parts and Labor | AH3: Parts and Labor | AI3: Parts and Labor | AJ3: Parts and Labor | AK3: Parts and Labor | AL3: Parts and Labor | AM3: Parts and Labor | AN3: Parts and Labor | AO3: Parts and Labor | AP3: Labor Only | AQ3: Labor Only | AR3: Parts and Labor | AS3: Parts and Labor | AT3: Parts and Labor | AU3: Parts and Labor | AV3: Labor Only | AW3: Parts and Labor | AX3: Parts and Labor | AY3: Labor Only | AZ3: Parts and Labor | BA3: Parts and Labor | BB3: Parts and Labor | BC3: Parts and Labor | BD3: Parts and Labor | BE3: Labor Only | BF3: Labor Only | BG3: Labor Only | BH3: Parts and Labor | BI3: Labor Only | BJ3: Labor Only | BK3: Parts and Labor | BL3: Parts and Labor | BM3: Parts and Labor | BN3: Parts and Labor | BO3: Parts and Labor | BP3: Labor Only
A4: RTV | B4: 50 | F4: 50 | H4: 50 | I4: 50 | P4: 50 | U4: 200 | Y4: 200 | Z4: 400 | AB4: 400 | AC4: 200 | AE4: 200 | AI4: 200 | AL4: 400 | AT4: 200 | AW4: 800 | BB4: 1000 | BC4: 1000 | BD4: 500 | BH4: 2000 | BJ4: 200 | BN4: Annual | BO4: Annual | BP4: Annual | BQ4: 200
A5: Zero Turn Gas | B5: 8 | H5: 50 | I5: 50 | S5: 100 | U5: 100 | Z5: 100 | AB5: 400 | AC5: 400 | AT5: 100 | BB5: 100 | BD5: 500 | BH5: 100 | BI5: 100 | BJ5: 100 | BN5: Annual | BO5: Annual | BP5: Annual | BQ5: 100
A6: Zero Turn Diesel | B6: 50 | F6: 50 | H6: 50 | I6: 50 | U6: 200 | X6: 400 | Z6: 400 | AB6: 400 | AC6: 200 | AE6: 400 | AT6: 200 | AW6: 800 | BB6: 1000 | BC6: 1000 | BH6: 2000 | BI6: 200 | BJ6: 200 | BN6: Annual | BO6: Annual | BP6: Annual | BQ6: 200
A7: Compact L series | B7: 50 | F7: 50 | H7: 50 | I7: 50 | M7: 50 | U7: 200 | Z7: 400 | AB7: 400 | AC7: 200 | AE7: 400 | AL7: 800 | AP7: 200 | AQ7: 200 | AT7: 200 | AW7: 800 | BB7: 1000 | BH7: 2000 | BJ7: 200 | BN7: Annual | BO7: Annual | BP7: Annual | BQ7: 200
A8: Utility under 75 MX&M | B8: 50 | F8: 50 | H8: 50 | I8: 50 | U8: 400 | V8: 1200 | W8: 400 | Y8: 400 | Z8: 400 | AB8: 400 | AE8: 400 | AL8: 800 | AP8: 800 | AQ8: 800 | AS8: 800 | AT8: 400 | BB8: 800 | BC8: 800 | BF8: 1200 | BG8: 1200 | BH8: 2000 | BJ8: 400 | BN8: Annual | BO8: Annual | BP8: Annual | BQ8: 400
A9: Utility over 75 M4 class | B9: 50 | H9: 50 | I9: 50 | U9: 500 | V9: 1500 | W9: 500 | Y9: 500 | Z9: 500 | AB9: 1000 | AE9: 500 | AJ9: 1000 | AS9: 1000 | AT9: 500 | AW9: 1000 | BB9: 1000 | BF9: 1500 | BG9: 1500 | BH9: 2000 | BJ9: 500 | BN9: Annual | BO9: Annual | BP9: Annual | BQ9: 500
A10: Large Ag M6 | B10: 50 | C10: 50 | F10: 50 | H10: 50 | I10: 50 | U10: 500 | V10: 1500 | X10: 500 | Y10: 500 | Z10: 500 | AB10: 500 | AC10: 500 | AG10: 500 | AI10: 500 | AK10: 500 | AL10: 1000 | AT10: 500 | AW10: 1000 | BA10: 500 | BB10: 1000 | BF10: 1500 | BG10: 1500 | BH10: 2000 | BJ10: 500 | BK10: 3000 | BN10: Annual | BO10: Annual | BP10: Annual | BQ10: 500
A11: Skid Steer | B11: 50 | D11: 50 | F11: 50 | H11: 50 | I11: 50 | J11: 50 | Q11: 250 | U11: 500 | V11: 1500 | Y11: 500 | Z11: 500 | AB11: 1000 | AE11: 500 | AF11: 500 | AG11: 500 | AI11: 1000 | AS11: 500 | AT11: 500 | AW11: 1000 | BB11: 500 | BF11: 1500 | BG11: 1500 | BH11: 2000 | BJ11: 500 | BN11: Annual | BO11: Annual | BP11: Annual | BQ11: 500
A12: Excavator - under 3.5 ton | B12: 50 | C12: 50 | D12: 50 | H12: 50 | I12: 50 | Q12: 250 | U12: 500 | V12: 1500 | X12: 500 | Z12: 500 | AF12: 1000 | AG12: 1000 | AH12: 1000 | AI12: 1000 | AL12: 1000 | AP12: 500 | AQ12: 500 | AS12: 1000 | AT12: 500 | AW12: 1000 | AZ12: 500 | BB12: 1000 | BH12: 2000 | BJ12: 500 | BN12: Annual | BO12: Annual | BP12: Annual | BQ12: 500
A13: Excavator - over 3.5 ton | B13: 50 | C13: 50 | D13: 50 | H13: 50 | I13: 50 | Q13: 250 | U13: 500 | V13: 1500 | X13: 500 | Z13: 500 | AF13: 1000 | AG13: 1000 | AH13: 1000 | AI13: 1000 | AL13: 1000 | AP13: 500 | AQ13: 500 | AS13: 1000 | AT13: 500 | AW13: 1000 | AZ13: 500 | BB13: 500 | BH13: 2000 | BJ13: 500 | BN13: Annual | BO13: Annual | BP13: Annual | BQ13: 500
A14: Wheel Loader | B14: 50 | C14: 50 | D14: 50 | H14: 50 | I14: 50 | R14: 250 | U14: 500 | V14: 1500 | X14: 500 | Z14: 500 | AG14: 500 | AI14: 1000 | AJ14: 1000 | AP14: 500 | AS14: 1000 | AT14: 500 | AW14: 1000 | BB14: 1000 | BE14: 500 | BH14: 2000 | BJ14: 500 | BN14: Annual | BO14: Annual | BP14: Annual | BQ14: 500
A15: Telehandler | B15: 50 | C15: 50 | D15: 50 | H15: 50 | I15: 50 | R15: 250 | U15: 500 | W15: 500 | X15: 500 | Y15: 500 | Z15: 500 | AG15: 500 | AI15: 1000 | AP15: 500 | AS15: 1000 | AT15: 500 | AW15: 1000 | BB15: 1000 | BE15: 500 | BH15: 2000 | BJ15: 500 | BN15: Annual | BO15: Annual | BP15: Annual | BQ15: 500
A16: Mahindra Emax | B16: 50 | E16: 50 | F16: 50 | H16: 50 | I16: 50 | L16: 50 | U16: 250 | Z16: 250 | AB16: 500 | AE16: 250 | AL16: 500 | AT16: 250 | BB16: 500 | BH16: 1000 | BJ16: 250 | BN16: Annual | BO16: Annual | BP16: Annual | BQ16: 250
A17: Mahindra 1600 Series | B17: 50 | C17: 50 | E17: 50 | F17: 50 | H17: 50 | I17: 50 | K17: 50 | L17: 50 | U17: 100 | W17: 100 | Z17: 100 | AB17: 300 | AE17: 300 | AL17: 400 | AT17: 100 | AW17: 400 | BB17: 300 | BH17: 1000 | BJ17: 100 | BN17: Annual | BO17: Annual | BP17: Annual | BQ17: 100
A18: Mahindra 4500 | B18: 50 | F18: 50 | H18: 50 | I18: 50 | U18: 400 | Z18: 200 | AB18: 1000 | AC18: 1600 | AE18: 400 | AL18: 200 | AT18: 200 | AW18: 1000 | BB18: 800 | BC18: 800 | BF18: 1600 | BH18: 1000 | BJ18: 200 | BN18: Annual | BO18: Annual | BP18: Annual | BQ18: 400
A19: Mahindra 5500 | B19: 50 | F19: 50 | H19: 50 | I19: 50 | U19: 250 | Z19: 500 | AB19: 650 | AC19: 650 | AI19: 2000 | AL19: 650 | AT19: 250 | BB19: 1000 | BC19: 1000 | BF19: 1750 | BH19: 1000 | BJ19: 250 | BN19: Annual | BO19: Annual | BP19: Annual | BQ19: 250
A20: Mahindra 6000 | B20: 50 | F20: 50 | H20: 50 | I20: 50 | U20: 500 | Z20: 250 | AB20: 1250 | AC20: 500 | AI20: 500 | AL20: 500 | AT20: 250 | AW20: 1000 | BB20: 1000 | BC20: 1000 | BF20: 1500 | BH20: 1000 | BJ20: 250 | BN20: Annual | BO20: Annual | BP20: Annual | BQ20: 500
A21: Takeuchi TL 8/10/12 | B21: 50 | C21: 50 | D21: 50 | F21: 50 | H21: 50 | I21: 50 | M21: 50 | P21: 50 | U21: 500 | V21: 1500 | W21: 250 | X21: 1500 | Z21: 500 | AG21: 500 | AH21: 500 | AI21: 1000 | AL21: 250 | AP21: 250 | AQ21: 250 | AT21: 500 | AW21: 1000 | BB21: 250 | BF21: 1500 | BG21: 1500 | BH21: 1000 | BJ21: 500 | BN21: Annual | BO21: Annual | BP21: Annual | BQ21: 500
A22: Takeuchi 228-235-250 | B22: 50 | C22: 50 | H22: 50 | I22: 50 | Q22: 250 | R22: 250 | U22: 250 | X22: 500 | Z22: 500 | AB22: 1000 | AF22: 1000 | AG22: 1000 | AH22: 1000 | AJ22: 1000 | AP22: 250 | AT22: 250 | AW22: 2000 | BB22: 1000 | BC22: 1000 | BF22: 1500 | BG22: 1500 | BH22: 2000 | BJ22: 250 | BN22: Annual | BO22: Annual | BP22: Annual | BQ22: 250
A23: Takeuchi 260 | B23: 50 | D23: 50 | H23: 50 | I23: 50 | Q23: 250 | R23: 250 | U23: 500 | X23: 250 | Z23: 250 | AB23: 1000 | AF23: 1000 | AG23: 1000 | AH23: 1000 | AL23: 1000 | AP23: 250 | AT23: 500 | AW23: 1000 | BB23: 1000 | BC23: 1000 | BF23: 1500 | BH23: 2000 | BJ23: 500 | BN23: Annual | BO23: Annual | BP23: Annual | BQ23: 500
A24: Takeuchi 335 | B24: 50 | H24: 50 | I24: 50 | Q24: 250 | U24: 250 | X24: 500 | Z24: 500 | AB24: 1000 | AF24: 1000 | AG24: 1000 | AH24: 1000 | AP24: 250 | AT24: 250 | AW24: 1000 | AZ24: 500 | BB24: 500 | BC24: 1000 | BF24: 1500 | BH24: 2000 | BJ24: 250 | BN24: Annual | BO24: Annual | BP24: Annual | BQ24: 250
A25: Sany SY up to 35 | B25: 50 | D25: 50 | H25: 50 | I25: 50 | Q25: 100 | R25: 250 | U25: 250 | X25: 500 | Z25: 500 | AF25: 1000 | AG25: 1000 | AH25: 1000 | AI25: 2000 | AK25: 500 | AT25: 250 | BB25: 500 | BH25: 2000 | BJ25: 250 | BN25: Annual | BO25: Annual | BP25: Annual | BQ25: 250
A26: Sany SY up to 60 | B26: 50 | D26: 50 | H26: 50 | I26: 50 | Q26: 100 | R26: 250 | U26: 250 | X26: 500 | Z26: 500 | AF26: 1000 | AG26: 1000 | AH26: 1000 | AI26: 2000 | AK26: 500 | AT26: 250 | BB26: 500 | BH26: 2000 | BJ26: 250 | BN26: Annual | BO26: Annual | BP26: Annual | BQ26: 250
A27: Sany SY up to 155 | B27: 50 | D27: 50 | H27: 50 | I27: 50 | J27: 50 | Q27: 250 | U27: 500 | Z27: 500 | AF27: 500 | AG27: 1000 | AH27: 1000 | AI27: 400 | AK27: 2000 | AT27: 500 | BB27: 500 | BH27: 2000 | BJ27: 500 | BK27: 1000 | BN27: Annual | BO27: Annual | BP27: Annual | BQ27: 500
A28: Sany SY up to 215 | B28: 50 | D28: 50 | H28: 50 | I28: 50 | Q28: 250 | R28: 250 | U28: 500 | Z28: 500 | AF28: 500 | AG28: 1000 | AH28: 500 | AI28: 2000 | AJ28: 500 | AT28: 500 | BB28: 500 | BH28: 2000 | BJ28: 500 | BK28: 1000 | BN28: Annual | BO28: Annual | BP28: Annual | BQ28: 500
A29: Sany SY up to 500 | B29: 50 | D29: 50 | H29: 50 | I29: 50 | Q29: 250 | R29: 250 | U29: 500 | Z29: 500 | AF29: 1000 | AG29: 1000 | AH29: 1000 | AI29: 2000 | AJ29: 2000 | AT29: 500 | BB29: 500 | BC29: 500 | BH29: 2000 | BJ29: 500 | BK29: 1000 | BM29: 500 | BN29: Annual | BO29: Annual | BP29: Annual | BQ29: 500
A30: Sany SW up to 305 | B30: 50 | D30: 50 | E30: 50 | H30: 50 | I30: 50 | K30: 50 | M30: 50 | N30: 50 | U30: 250 | Z30: 500 | AB30: 1000 | AC30: 1000 | AF30: 500 | AG30: 1000 | AH30: 1000 | AI30: 2000 | AJ30: 1000 | AT30: 250 | BB30: 1000 | BC30: 1000 | BH30: 2000 | BJ30: 250 | BK30: 1000 | BL30: 1000 | BN30: Annual | BO30: Annual | BP30: Annual | BQ30: 250
A31: SCL - DIESEL | B31: 50 | F31: 50 | H31: 50 | I31: 50 | U31: 200 | X31: 400 | Z31: 400 | AB31: 400 | AC31: 200 | AE31: 400 | AT31: 200 | AW31: 800 | BB31: 1000 | BC31: 1000 | BH31: 2000 | BI31: 200 | BJ31: 200 | BN31: Annual | BO31: Annual | BP31: Annual | BQ31: 200
A32: SCL - Gas | B32: 8 | H32: 50 | I32: 50 | S32: 100 | U32: 100 | Z32: 100 | AB32: 400 | AC32: 400 | AT32: 100 | BB32: 100 | BD32: 500 | BH32: 100 | BI32: 100 | BJ32: 100 | BN32: Annual | BO32: Annual | BP32: Annual | BQ32: 100
A33: Mini Excavator | B33: 50 | F33: 50 | H33: 50 | I33: 50 | U33: 100 | Z33: 250 | AF33: 1000 | AG33: 250 | AI33: 500 | AT33: 100 | BB33: 250 | BC33: 250 | BH33: 2000 | BJ33: 100 | BN33: Annual | BO33: Annual | BP33: Annual | BQ33: 100
A34: Sub Compact BX | B34: 50 | H34: 50 | I34: 50 | U34: 400 | V34: 1400 | W34: 400 | Z34: 400 | AB34: 400 | AC34: 200 | AE34: 400 | AG34: 400 | AL34: 800 | AT34: 400 | BB34: 1000 | BC34: 1000 | BH34: 2000 | BJ34: 400 | BN34: Annual | BO34: Annual | BP34: Annual | BQ34: 400
B36: =_xlfn.XLOOKUP($A$37,$A$4:$A$34,B4:B34) -> 50 | C36: =_xlfn.XLOOKUP($A$37,$A$4:$A$34,C4:C34) -> 0 | D36: =_xlfn.XLOOKUP($A$37,$A$4:$A$34,D4:D34) -> 0 | E36: =_xlfn.XLOOKUP($A$37,$A$4:$A$34,E4:E34) -> 0 | F36: =_xlfn.XLOOKUP($A$37,$A$4:$A$34,F4:F34) -> 50 | G36: =_xlfn.XLOOKUP($A$37,$A$4:$A$34,G4:G34) -> 0 | H36: =_xlfn.XLOOKUP($A$37,$A$4:$A$34,H4:H34) -> 50 | I36: =_xlfn.XLOOKUP($A$37,$A$4:$A$34,I4:I34) -> 50 | ... BP36: =_xlfn.XLOOKUP($A$37,$A$4:$A$34,BP4:BP34) -> Annual
A37: ='Plan Summary'!C3 -> RTV | B37: =VLOOKUP($A$37,$A$4:$P$34,COLUMN(B1),FALSE) -> 50 | C37: =VLOOKUP($A$37,$A$4:$P$34,COLUMN(C1),FALSE) -> 0 | D37: =VLOOKUP($A$37,$A$4:$P$34,COLUMN(D1),FALSE) -> 0 | E37: =VLOOKUP($A$37,$A$4:$P$34,COLUMN(E1),FALSE) -> 0 | F37: =VLOOKUP($A$37,$A$4:$P$34,COLUMN(F1),FALSE) -> 50 | G37: =VLOOKUP($A$37,$A$4:$P$34,COLUMN(G1),FALSE) -> 0 | H37: =VLOOKUP($A$37,$A$4:$P$34,COLUMN(H1),FALSE) -> 50 | I37: =VLOOKUP($A$37,$A$4:$P$34,COLUMN(I1),FALSE) -> 50 | ... P37: =VLOOKUP($A$37,$A$4:$P$34,COLUMN(P1),FALSE) -> 50 | Q37: =IF(Q36=0,"",IF(Q36<$A40,Q36,"")) | R37: =IF(R36=0,"",IF(R36<$A40,R36,"")) | S37: =IF(S36=0,"",IF(S36<$A40,S36,"")) | T37: =IF(T36=0,"",IF(T36<$A40,T36,"")) | U37: =IF(U36=0,"",IF(U36<=$A40,U36,"")) -> 200 | V37: =IF(V36=0,"",IF(V36<=$A40,V36,"")) | W37: =IF(W36=0,"",IF(W36<=$A40,W36,"")) | X37: =IF(X36=0,"",IF(X36<=$A40,X36,"")) | Y37: =IF(Y36=0,"",IF(Y36<=$A40,Y36,"")) -> 200 | Z37: =IF(Z36=0,"",IF(Z36<=$A40,Z36,"")) | AA37: =IF(AA36=0,"",IF(AA36<=$A40,AA36,"")) | AB37: =IF(AB36=0,"",IF(AB36<=$A40,AB36,"")) | ... BM37: =IF(BM36=0,"",IF(BM36<=$A40,BM36,"")) | BN37: =IF($A42="OK","",1) -> 1 | BO37: =IF($A42="OK","",1) -> 1 | BP37: =IF($A42="OK","",1) -> 1
B38: =IF(B37>0,B2,"") -> Perform Oil and Filter Change | C38: =IF(C37>0,C2,"") | D38: =IF(D37>0,D2,"") | E38: =IF(E37>0,E2,"") | F38: =IF(F37>0,F2,"") -> Change HST Oil Filter | G38: =IF(G37>0,G2,"") | H38: =IF(H37>0,H2,"") -> Grease Machine at required lubrication fittings | I38: =IF(I37>0,I2,"") -> Conduct Multi Point Inpection and make minor adjustments | ... P38: =IF(P37>0,P2,"") -> Change Hydraulic suction return filter | Q38: =IF(Q37<>"",Q2,"") | R38: =IF(R37<>"",R2,"") | S38: =IF(S37<>"",S2,"") | T38: =IF(T37<>"",T2,"") | U38: =IF(U37<>"",U2,"") -> Perform Oil and Filter Change | V38: =IF(V37<>"",V2,"") | W38: =IF(W37<>"",W2,"") | X38: =IF(X37<>"",X2,"") | ... BP38: =IF(BP37<>"",BP2,"") -> Conduct Annual Multi Point Inpection and Make Minor Adjustments
B39: =IF(B38>"", _xlfn.XLOOKUP($A$37,'Total Cost Per Service)'!$A4:$A34,'Total Cost Per Service)'!B4:B34),"") -> 89.63 | C39: =IF(C38>"", _xlfn.XLOOKUP($A$37,'Total Cost Per Service)'!$A4:$A34,'Total Cost Per Service)'!C4:C34),"") | D39: =IF(D38>"", _xlfn.XLOOKUP($A$37,'Total Cost Per Service)'!$A4:$A34,'Total Cost Per Service)'!D4:D34),"") | E39: =IF(E38>"", _xlfn.XLOOKUP($A$37,'Total Cost Per Service)'!$A4:$A34,'Total Cost Per Service)'!E4:E34),"") | F39: =IF(F38>"", _xlfn.XLOOKUP($A$37,'Total Cost Per Service)'!$A4:$A34,'Total Cost Per Service)'!F4:F34),"") -> 148.69 | G39: =IF(G38>"", _xlfn.XLOOKUP($A$37,'Total Cost Per Service)'!$A4:$A34,'Total Cost Per Service)'!G4:G34),"") | H39: =IF(H38>"", _xlfn.XLOOKUP($A$37,'Total Cost Per Service)'!$A4:$A34,'Total Cost Per Service)'!H4:H34),"") -> 23.07 | I39: =IF(I38>"", _xlfn.XLOOKUP($A$37,'Total Cost Per Service)'!$A4:$A34,'Total Cost Per Service)'!I4:I34),"") -> 30 | ... BP39: =IF(BP38>"", _xlfn.XLOOKUP($A$37,'Total Cost Per Service)'!$A4:$A34,'Total Cost Per Service)'!BP4:BP34),"") -> 126
A40: ='Plan Summary'!C5 -> 300 | Q40: =IF(Q37<=$A40,Q37,"") | R40: =IF(R37<=$A40,R37,"") | S40: =IF(S37<=$A40,S37,"") | T40: =IF(T37<=$A40,T37,"") | U40: =IF(U37<=$A40,U37,"") -> 200 | V40: =IF(V37<=$A40,V37,"") | W40: =IF(W37<=$A40,W37,"") | X40: =IF(X37<=$A40,X37,"") | ... BP40: =IF(BP37<=$A40,BP37,"") -> 1
A41: ='Plan Summary'!C9/12 -> 5 | B41: =CONCATENATE(B37," hours ",B38) -> 50 hours Perform Oil and Filter Change | C41: =+C38 | D41: =+D38 | E41: =+E38 | F41: =+F38 -> Change HST Oil Filter | G41: =+G38 | H41: =+H38 -> Grease Machine at required lubrication fittings | I41: =+I38 -> Conduct Multi Point Inpection and make minor adjustments | J41: =+J38 | ... P41: =+P38 -> Change Hydraulic suction return filter | Q41: =IF(Q40<>"",CONCATENATE("AT INITIAL ", Q40," hours - ",Q38),"") | R41: =IF(R40<>"",CONCATENATE("AT INITIAL ", R40," hours - ",R38),"") | S41: =IF(S40<>"",CONCATENATE("AT INITIAL ", S40," hours - ",S38),"") | T41: =IF(T40<>"",CONCATENATE("AT INITIAL ", T40," hours - ",T38),"") | U41: =IF(U40<>"",CONCATENATE("Every ", U40," hours - ",U38),"") -> Every 200 hours - Perform Oil and Filter Change | V41: =IF(V40<>"",CONCATENATE("Every ", V40," hours - ",V38),"") | W41: =IF(W40<>"",CONCATENATE("Every ", W40," hours - ",W38),"") | X41: =IF(X40<>"",CONCATENATE("Every ", X40," hours - ",X38),"") | Y41: =IF(Y40<>"",CONCATENATE("Every ", Y40," hours - ",Y38),"") -> Every 200 hours - Drain Water from Fuel Tank | Z41: =IF(Z40<>"",CONCATENATE("Every ", Z40," hours - ",Z38),"") | AA41: =IF(AA40<>"",CONCATENATE("Every ", AA40," hours - ",AA38),"") | AB41: =IF(AB40<>"",CONCATENATE("Every ", AB40," hours - ",AB38),"") | ... BM41: =IF(BM40<>"",CONCATENATE("Every ", BM40," hours - ",BM38),"") | BN41: =IF(BN40<>"",BN38,"") -> Perform Annual Oil and Filter Change | BO41: =IF(BO40<>"",BO38,"") -> Annually Grease Machine at Assorted Lubrication Points | BP41: =IF(BP40<>"",BP38,"") -> Conduct Annual Multi Point Inpection and Make Minor Adjustments | BQ41: =IF(BQ40<>0,CONCATENATE("First Service ", BQ40," hours - ",BQ38),"")
A42: =IF(A40/A41<U36,"Annual","OK") -> Annual
B43: {=TRANSPOSE(B41:P41)} -> 50 hours Perform Oil and Filter Change | C43: {=TRANSPOSE(B39:P39)} -> 89.63 | D43: {=TRANSPOSE('Hours Per Job'!B68:P68)} -> 0.4 | F43: {=TRANSPOSE(Q41:BP41)} | G43: {=TRANSPOSE(Q40:BP40)} | H43: {=TRANSPOSE(Q39:BP39)} | I43: =IF(G43="","",1) | J43: =IF(I43="","",K43) | K43: {=TRANSPOSE('Hours Per Job'!Q68:BP68)} -> 0
D44: 0 | I44: =IF(G44="","",1) | J44: =IF(I44="","",K44) | K44: 0
D45: 0 | I45: =IF(G45="","",1) | J45: =IF(I45="","",K45) | K45: 0
D46: 0 | I46: =IF(G46="","",1) | J46: =IF(I46="","",K46) | K46: 0
B47: Change HST Oil Filter | C47: 148.69 | D47: 0.8 | F47: Every 200 hours - Perform Oil and Filter Change | G47: 200 | H47: 89.63 | I47: =IF(G47="","",ROUNDDOWN(A$40/G47,0)) -> 1 | J47: =IF(I47="","",K47) -> 0.4 | K47: 0.4
D48: 0 | I48: =IF(G48="","",ROUNDDOWN(A$40/G48,0)) | J48: =IF(I48="","",K48) | K48: 0
B49: Grease Machine at required lubrication fittings | C49: 23.07 | D49: 0.1 | I49: =IF(G49="","",ROUNDDOWN(A$40/G49,0)) | J49: =IF(I49="","",K49) | K49: 0
B50: Conduct Multi Point Inpection and make minor adjustments | C50: 30 | D50: 0.25 | I50: =IF(G50="","",ROUNDDOWN(A$40/G50,0)) | J50: =IF(I50="","",K50) | K50: 0
D51: 0 | F51: Every 200 hours - Drain Water from Fuel Tank | G51: 200 | H51: 12 | I51: =IF(G51="","",ROUNDDOWN(A$40/G51,0)) -> 1 | J51: =IF(I51="","",K51) -> 0.1 | K51: 0.1
D52: 0 | I52: =IF(G52="","",ROUNDDOWN(A$40/G52,0)) | J52: =IF(I52="","",K52) | K52: 0.2
D53: 0 | I53: =IF(G53="","",ROUNDDOWN(A$40/G53,0)) | J53: =IF(I53="","",K53) | K53: 0
D54: 0 | I54: =IF(G54="","",ROUNDDOWN(A$40/G54,0)) | J54: =IF(I54="","",K54) | K54: 0.6
D55: 0 | F55: Every 200 hours - Replace Transmission Oil Filters | G55: 200 | H55: 51.07 | I55: =IF(G55="","",ROUNDDOWN(A$40/G55,0)) -> 1 | J55: =IF(I55="","",K55) -> 0.2 | K55: 0.2
D56: 0 | I56: =IF(G56="","",ROUNDDOWN(A$40/G56,0)) | J56: =IF(I56="","",K56) | K56: 0
B57: Change Hydraulic suction return filter | C57: 59.92 | D57: 0.1 | F57: Every 200 hours - Change Hydraulic Oil Filter | G57: 200 | H57: 76.69 | I57: =IF(G57="","",ROUNDDOWN(A$40/G57,0)) -> 1 | J57: =IF(I57="","",K57) -> 0.2 | K57: 0.2
I58: =IF(G58="","",ROUNDDOWN(A$40/G58,0)) | J58: =IF(I58="","",K58) | K58: 0
I59: =IF(G59="","",ROUNDDOWN(A$40/G59,0)) | J59: =IF(I59="","",K59) | K59: 0
I60: =IF(G60="","",ROUNDDOWN(A$40/G60,0)) | J60: =IF(I60="","",K60) | K60: 0
F61: Every 200 hours - Change Suction Elements and Hydraulic Fluid | G61: 200 | H61: 231.1 | I61: =IF(G61="","",ROUNDDOWN(A$40/G61,0)) -> 1 | J61: =IF(I61="","",K61) -> 0.9 | K61: 0.9
I62: =IF(G62="","",ROUNDDOWN(A$40/G62,0)) | J62: =IF(I62="","",K62) | K62: 0
I63: =IF(G63="","",ROUNDDOWN(A$40/G63,0)) | J63: =IF(I63="","",K63) | K63: 0
I64: =IF(G64="","",ROUNDDOWN(A$40/G64,0)) | J64: =IF(I64="","",K64) | K64: 0.5
I65: =IF(G65="","",ROUNDDOWN(A$40/G65,0)) | J65: =IF(I65="","",K65) | K65: 0
I66: =IF(G66="","",ROUNDDOWN(A$40/G66,0)) | J66: =IF(I66="","",K66) | K66: 0
I67: =IF(G67="","",ROUNDDOWN(A$40/G67,0)) | J67: =IF(I67="","",K67) | K67: 0
I68: =IF(G68="","",ROUNDDOWN(A$40/G68,0)) | J68: =IF(I68="","",K68) | K68: 0
I69: =IF(G69="","",ROUNDDOWN(A$40/G69,0)) | J69: =IF(I69="","",K69) | K69: 0
I70: =IF(G70="","",ROUNDDOWN(A$40/G70,0)) | J70: =IF(I70="","",K70) | K70: 0
I71: =IF(G71="","",ROUNDDOWN(A$40/G71,0)) | J71: =IF(I71="","",K71) | K71: 0
F72: Every 200 hours - Grease Machine at Assorted Lubrication Points | G72: 200 | H72: 23.07 | I72: =IF(G72="","",ROUNDDOWN(A$40/G72,0)) -> 1 | J72: =IF(I72="","",K72) -> 0.1 | K72: 0.1
I73: =IF(G73="","",ROUNDDOWN(A$40/G73,0)) | J73: =IF(I73="","",K73) | K73: 0
I74: =IF(G74="","",ROUNDDOWN(A$40/G74,0)) | J74: =IF(I74="","",K74) | K74: 0
I75: =IF(G75="","",ROUNDDOWN(A$40/G75,0)) | J75: =IF(I75="","",K75) | K75: 1.5
I76: =IF(G76="","",ROUNDDOWN(A$40/G76,0)) | J76: =IF(I76="","",K76) | K76: 0
I77: =IF(G77="","",ROUNDDOWN(A$40/G77,0)) | J77: =IF(I77="","",K77) | K77: 0
I78: =IF(G78="","",ROUNDDOWN(A$40/G78,0)) | J78: =IF(I78="","",K78) | K78: 0
I79: =IF(G79="","",ROUNDDOWN(A$40/G79,0)) | J79: =IF(I79="","",K79) | K79: 0
I80: =IF(G80="","",ROUNDDOWN(A$40/G80,0)) | J80: =IF(I80="","",K80) | K80: 0.1
I81: =IF(G81="","",ROUNDDOWN(A$40/G81,0)) | J81: =IF(I81="","",K81) | K81: 0.1
I82: =IF(G82="","",ROUNDDOWN(A$40/G82,0)) | J82: =IF(I82="","",K82) | K82: 0.4
I83: =IF(G83="","",ROUNDDOWN(A$40/G83,0)) | J83: =IF(I83="","",K83) | K83: 0
I84: =IF(G84="","",ROUNDDOWN(A$40/G84,0)) | J84: =IF(I84="","",K84) | K84: 0
... I87: =IF(G87="","",ROUNDDOWN(A$40/G87,0)) | J87: =IF(I87="","",K87) | K87: 0
F88: Every 200 hours - Conduct Multi Point Inpection and Make Minor Adjustments | G88: 200 | H88: 30 | I88: =IF(G88="","",ROUNDDOWN(A$40/G88,0)) -> 1 | J88: =IF(I88="","",K88) -> 0.25 | K88: 0.25
I89: =IF(G89="","",ROUNDDOWN(A$40/G89,0)) | J89: =IF(I89="","",K89) | K89: 0
I90: =IF(G90="","",ROUNDDOWN(A$40/G90,0)) | J90: =IF(I90="","",K90) | K90: 0
I91: =IF(G91="","",ROUNDDOWN(A$40/G91,0)) | J91: =IF(I91="","",K91) | K91: 0
F92: Perform Annual Oil and Filter Change | G92: 1 | H92: 89.63 | I92: =IF(G92=1,A$41,"") -> 5 | J92: =IF(I92="","",K92) -> 0.4 | K92: 0.4
F93: Annually Grease Machine at Assorted Lubrication Points | G93: 1 | H93: 23.07 | I93: =IF(G93=1,A$41,"") -> 5 | J93: =IF(I93="","",K93) -> 0.1 | K93: 0.1
F94: Conduct Annual Multi Point Inpection and Make Minor Adjustments | G94: 1 | H94: 126 | I94: =IF(G94=1,A$41,"") -> 5 | J94: =IF(I94="","",K94) -> 1.05 | K94: 1.05

Sheet Hours Per Job
B1: FIRST SERVICES | Q1: ONE TIME SERVICE | U1: Included Maintenance Interval
A2: HOURS PER JOB | B2: =+'Scheduled Intervals'!B2 -> Perform Oil and Filter Change | C2: =+'Scheduled Intervals'!C2 -> Clean Water seperator | D2: =+'Scheduled Intervals'!D2 -> Drain Water from Fuel Tank | E2: =+'Scheduled Intervals'!E2 -> Perform Transmission Filter and Fluid Service | F2: =+'Scheduled Intervals'!F2 -> Change HST Oil Filter | G2: =+'Scheduled Intervals'!G2 -> Change Hydraulic Fluid | H2: =+'Scheduled Intervals'!H2 -> Grease Machine at required lubrication fittings | I2: =+'Scheduled Intervals'!I2 -> Conduct Multi Point Inpection and make minor adjustments | ... BP2: =+'Scheduled Intervals'!BP2 -> Conduct Annual Multi Point Inpection and Make Minor Adjustments
A3: Job Description | B3: =+'Scheduled Intervals'!B3 -> Parts and Labor | C3: =+'Scheduled Intervals'!C3 -> Labor Only | D3: =+'Scheduled Intervals'!D3 -> Labor Only | E3: =+'Scheduled Intervals'!E3 -> Parts and Labor | F3: =+'Scheduled Intervals'!F3 -> Parts and Labor | G3: =+'Scheduled Intervals'!G3 -> Parts and Labor | H3: =+'Scheduled Intervals'!H3 -> Parts and Labor | I3: =+'Scheduled Intervals'!I3 -> Labor Only | ... Q3: =+'Scheduled Intervals'!Q3 -> Parts and Labor | R3: Parts and Labor | S3: =+'Scheduled Intervals'!S3 -> Parts and Labor | T3: =+'Scheduled Intervals'!T3 -> Parts and Labor | U3: =+'Scheduled Intervals'!U3 -> Parts and Labor | V3: =+'Scheduled Intervals'!V3 -> Parts and Labor | W3: =+'Scheduled Intervals'!W3 -> Labor Only | X3: =+'Scheduled Intervals'!X3 -> Parts and Labor | Y3: =+'Scheduled Intervals'!Y3 -> Labor Only | Z3: =+'Scheduled Intervals'!Z3 -> Parts and Labor | ... BP3: =+'Scheduled Intervals'!BP3 -> Labor Only
A4: =+'Scheduled Intervals'!A4 -> RTV | B4: 0.4 | F4: 0.8 | H4: 0.1 | I4: 0.25 | P4: 0.1 | U4: 0.4 | Y4: 0.1 | Z4: 0.2 | AB4: 0.6 | AC4: 0.2 | AE4: 0.2 | AI4: 0.9 | AL4: 0.5 | AT4: 0.1 | AW4: 1.5 | BB4: 0.1 | BC4: 0.1 | BD4: 0.4 | BH4: 0.5 | BJ4: 0.25 | BN4: 0.4 | BO4: 0.1 | BP4: 1.05
A5: =+'Scheduled Intervals'!A5 -> Zero Turn Gas | B5: 0.3 | H5: 0.2 | I5: 0.25 | S5: 0.9 | U5: 0.3 | Z5: 0.2 | AB5: 0.7 | AC5: 0.2 | AT5: 0.2 | BB5: 0.1 | BD5: 0.2 | BH5: 0.3 | BI5: 0.1 | BJ5: 0.25 | BN5: 0.3 | BO5: 0.2 | BP5: 1.05
A6: =+'Scheduled Intervals'!A6 -> Zero Turn Diesel | B6: 0.3 | F6: 0.4 | H6: 0.2 | I6: 0.25 | U6: 0.3 | X6: 0.2 | Z6: 0.5 | AB6: 0.7 | AC6: 0.2 | AE6: 0.1 | AT6: 0.2 | AW6: 0.3 | BB6: 0.1 | BC6: 0.1 | BH6: 0.3 | BI6: 0.1 | BJ6: 0.25 | BN6: 0.3 | BO6: 0.2 | BP6: 1.05
A7: =+'Scheduled Intervals'!A7 -> Compact L series | B7: 0.4 | F7: 0.5 | H7: 0.2 | I7: 0.25 | M7: 0.6 | U7: 0.4 | Z7: 0.1 | AB7: 0.7 | AC7: 0.2 | AE7: 0.2 | AL7: 1 | AP7: 0.3 | AQ7: 0.2 | AT7: 0.2 | AW7: 6 | BB7: 0.1 | BH7: 0.4 | BJ7: 0.25 | BN7: 0.4 | BO7: 0.2 | BP7: 1.05
A8: =+'Scheduled Intervals'!A8 -> Utility under 75 MX&M | B8: 0.4 | F8: 0.7 | H8: 0.2 | I8: 0.25 | U8: 0.4 | V8: 0.2 | W8: 0.1 | Y8: 0.1 | Z8: 0.1 | AB8: 1 | AE8: 0.9 | AL8: 1.6 | AP8: 0.3 | AQ8: 0.2 | AS8: 0.3 | AT8: 0.2 | BB8: 0.2 | BC8: 0.2 | BF8: 0.75 | BG8: 2 | BH8: 0.4 | BJ8: 0.25 | BN8: 0.4 | BO8: 0.2 | BP8: 1.05
A9: =+'Scheduled Intervals'!A9 -> Utility over 75 M4 class | B9: 0.4 | H9: 0.2 | I9: 0.25 | U9: 0.4 | V9: 0.2 | W9: 0.4 | Y9: 0.2 | Z9: 0.2 | AB9: 1.1 | AE9: 1 | AJ9: 1.7 | AS9: 0.3 | AT9: 0.2 | AW9: 6.9 | BB9: 0.1 | BF9: 0.75 | BG9: 2 | BH9: 0.5 | BJ9: 0.25 | BN9: 0.4 | BO9: 0.2 | BP9: 1.05
A10: =+'Scheduled Intervals'!A10 -> Large Ag M6 | B10: 0.6 | C10: 0.4 | F10: 0.5 | H10: 0.5 | I10: 0.25 | U10: 0.6 | V10: 0.2 | X10: 0.4 | Y10: 0.3 | Z10: 0.3 | AB10: 4 | AC10: 2.1 | AG10: 0.5 | AI10: 2.1 | AK10: 2.5 | AL10: 2.5 | AT10: 0.5 | AW10: 5 | BA10: 0.1 | BB10: 0.2 | BF10: 0.75 | BG10: 2 | BH10: 1.6 | BJ10: 0.25 | BK10: 2 | BN10: 0.6 | BO10: 0.5 | BP10: 1.05
A11: =+'Scheduled Intervals'!A11 -> Skid Steer | B11: 0.8 | D11: 0.3 | F11: 0.5 | H11: 0.5 | I11: 0.25 | J11: 0.5 | Q11: 1 | U11: 0.8 | V11: 0.2 | Y11: 0.3 | Z11: 0.4 | AB11: 1 | AE11: 0.5 | AF11: 0.1 | AG11: 0.5 | AI11: 1.8 | AS11: 0.2 | AT11: 0.5 | AW11: 6.9 | BB11: 0.2 | BF11: 0.75 | BG11: 2 | BH11: 0.6 | BJ11: 0.25 | BN11: 0.8 | BO11: 0.5 | BP11: 1.05
A12: =+'Scheduled Intervals'!A12 -> Excavator - under 3.5 ton | B12: 0.7 | C12: 0.3 | D12: 0.1 | H12: 0.5 | I12: 0.25 | Q12: 1 | U12: 0.7 | V12: 0.2 | X12: 0.2 | Z12: 0.2 | AF12: 0.1 | AG12: 0.5 | AH12: 0.6 | AI12: 1 | AL12: 1.5 | AP12: 0.25 | AQ12: 0.2 | AS12: 1 | AT12: 0.5 | AW12: 1.7 | AZ12: 1 | BB12: 0.1 | BH12: 0.4 | BJ12: 0.25 | BN12: 0.7 | BO12: 0.5 | BP12: 1.05
A13: =+'Scheduled Intervals'!A13 -> Excavator - over 3.5 ton | B13: 1 | C13: 0.3 | D13: 0.1 | H13: 0.5 | I13: 0.25 | Q13: 1 | U13: 1 | V13: 0.2 | X13: 0.2 | Z13: 0.3 | AF13: 0.1 | AG13: 0.6 | AH13: 0.6 | AI13: 2 | AL13: 1.5 | AP13: 0.7 | AQ13: 0.2 | AS13: 0.1 | AT13: 0.5 | AW13: 2.2 | AZ13: 1 | BB13: 0.1 | BH13: 0.7 | BJ13: 0.25 | BN13: 1 | BO13: 0.5 | BP13: 1.05
A14: =+'Scheduled Intervals'!A14 -> Wheel Loader | B14: 1 | C14: 0.3 | D14: 0.1 | H14: 0.4 | I14: 0.25 | R14: 2 | U14: 1 | V14: 0.2 | X14: 0.3 | Z14: 0.1 | AG14: 0.5 | AI14: 2 | AJ14: 1 | AP14: 0.3 | AS14: 0.3 | AT14: 0.4 | AW14: 4.3 | BB14: 0.1 | BE14: 0.2 | BH14: 0.8 | BJ14: 0.25 | BN14: 1 | BO14: 0.4 | BP14: 1.05
A15: =+'Scheduled Intervals'!A15 -> Telehandler | B15: 1 | C15: 0.3 | D15: 0.1 | H15: 0.4 | I15: 0.25 | R15: 1 | U15: 1 | W15: 0.3 | X15: 0.3 | Y15: 0.1 | Z15: 0.1 | AG15: 0.5 | AI15: 2 | AP15: 0.3 | AS15: 0.3 | AT15: 0.4 | AW15: 4.3 | BB15: 0.1 | BE15: 0.2 | BH15: 0.8 | BJ15: 0.25 | BN15: 1 | BO15: 0.4 | BP15: 1.05
A16: =+'Scheduled Intervals'!A16 -> Mahindra Emax | B16: 0.3 | E16: 1 | F16: 0.5 | H16: 0.2 | I16: 0.25 | L16: 1 | U16: 0.3 | Z16: 0.1 | AB16: 1 | AE16: 0.5 | AL16: 1 | AT16: 0.2 | BB16: 0.1 | BH16: 1 | BJ16: 0.25 | BN16: 0.3 | BO16: 0.2 | BP16: 1.05
A17: =+'Scheduled Intervals'!A17 -> Mahindra 1600 Series | B17: 0.4 | C17: 0.1 | E17: 1 | F17: 0.5 | H17: 0.2 | I17: 0.25 | K17: 0.2 | L17: 1 | U17: 0.4 | W17: 0.1 | Z17: 0.2 | AB17: 1 | AE17: 0.5 | AL17: 1 | AT17: 0.2 | AW17: 2 | BB17: 0.1 | BH17: 1 | BJ17: 0.25 | BN17: 0.4 | BO17: 0.2 | BP17: 1.05
A18: =+'Scheduled Intervals'!A18 -> Mahindra 4500 | B18: 0.4 | F18: 0.5 | H18: 0.2 | I18: 0.25 | U18: 0.4 | Z18: 0.3 | AB18: 1 | AC18: 0.3 | AE18: 0.5 | AL18: 1 | AT18: 0.2 | AW18: 3 | BB18: 0.1 | BC18: 0.2 | BF18: 0.75 | BH18: 1 | BJ18: 0.25 | BN18: 0.4 | BO18: 0.2 | BP18: 1.05
A19: =+'Scheduled Intervals'!A19 -> Mahindra 5500 | B19: 0.4 | F19: 0.5 | H19: 0.2 | I19: 0.25 | U19: 0.4 | Z19: 0.3 | AB19: 1 | AC19: 0.3 | AI19: 1 | AL19: 1 | AT19: 0.2 | BB19: 0.1 | BC19: 0.2 | BF19: 0.75 | BH19: 1 | BJ19: 0.25 | BN19: 0.4 | BO19: 0.2 | BP19: 1.05
A20: =+'Scheduled Intervals'!A20 -> Mahindra 6000 | B20: 0.4 | F20: 0.5 | H20: 0.2 | I20: 0.25 | U20: 0.4 | Z20: 0.3 | AB20: 1 | AC20: 0.3 | AI20: 1 | AL20: 1 | AT20: 0.2 | AW20: 5 | BB20: 0.1 | BC20: 0.2 | BF20: 0.75 | BH20: 1 | BJ20: 0.25 | BN20: 0.4 | BO20: 0.2 | BP20: 1.05
A21: =+'Scheduled Intervals'!A21 -> Takeuchi TL 8/10/12 | B21: 0.7 | C21: 0.1 | D21: 0.1 | F21: 0.7 | H21: 0.5 | I21: 0.25 | M21: 0.6 | P21: 0.5 | U21: 0.7 | V21: 0.2 | W21: 0.1 | X21: 0.2 | Z21: 0.3 | AG21: 0.5 | AH21: 0.5 | AI21: 1 | AL21: 1 | AP21: 0.7 | AQ21: 0.2 | AT21: 0.5 | AW21: 5 | BB21: 0.1 | BF21: 0.75 | BG21: 0.75 | BH21: 1 | BJ21: 0.25 | BN21: 0.7 | BO21: 0.5 | BP21: 1.05
A22: =+'Scheduled Intervals'!A22 -> Takeuchi 228-235-250 | B22: 0.7 | C22: 0.1 | H22: 0.5 | I22: 0.25 | Q22: 0.7 | R22: 1 | U22: 0.7 | X22: 0.2 | Z22: 0.3 | AB22: 1 | AF22: 0.1 | AG22: 0.5 | AH22: 0.5 | AJ22: 1 | AP22: 0.7 | AT22: 0.5 | AW22: 5 | BB22: 0.1 | BC22: 0.2 | BF22: 0.75 | BG22: 0.75 | BH22: 1 | BJ22: 0.25 | BN22: 0.7 | BO22: 0.5 | BP22: 1.05
A23: =+'Scheduled Intervals'!A23 -> Takeuchi 260 | B23: 0.7 | D23: 0.1 | H23: 0.5 | I23: 0.25 | Q23: 0.6 | R23: 1 | U23: 0.7 | X23: 0.2 | Z23: 0.3 | AB23: 1 | AF23: 0.1 | AG23: 0.5 | AH23: 0.5 | AL23: 1 | AP23: 0.7 | AT23: 0.5 | AW23: 5 | BB23: 0.1 | BC23: 0.2 | BF23: 0.75 | BH23: 1 | BJ23: 0.25 | BN23: 0.7 | BO23: 0.5 | BP23: 1.05
A24: =+'Scheduled Intervals'!A24 -> Takeuchi 335 | B24: 0.7 | H24: 0.5 | I24: 0.25 | Q24: 0.7 | U24: 0.7 | X24: 0.2 | Z24: 0.3 | AB24: 1 | AF24: 0.1 | AG24: 0.5 | AH24: 0.5 | AP24: 0.7 | AT24: 0.5 | AW24: 5 | AZ24: 1 | BB24: 0.1 | BC24: 0.2 | BF24: 0.75 | BH24: 1 | BJ24: 0.25 | BN24: 0.7 | BO24: 0.5 | BP24: 1.05
A25: =+'Scheduled Intervals'!A25 -> Sany SY up to 35 | B25: 0.7 | D25: 0.1 | H25: 0.5 | I25: 0.25 | Q25: 0.5 | R25: 1 | U25: 0.7 | X25: 0.2 | Z25: 0.3 | AF25: 0.1 | AG25: 0.5 | AH25: 0.5 | AI25: 1 | AK25: 1 | AT25: 0.5 | BB25: 0.1 | BH25: 1 | BJ25: 0.25 | BN25: 0.7 | BO25: 0.5 | BP25: 1.05
A26: =+'Scheduled Intervals'!A26 -> Sany SY up to 60 | B26: 0.7 | D26: 0.1 | H26: 0.5 | I26: 0.25 | Q26: 0.5 | R26: 1 | U26: 0.7 | X26: 0.2 | Z26: 0.3 | AF26: 0.1 | AG26: 0.5 | AH26: 0.5 | AI26: 1 | AK26: 1 | AT26: 0.5 | BB26: 0.1 | BH26: 1 | BJ26: 0.25 | BN26: 0.7 | BO26: 0.5 | BP26: 1.05
A27: =+'Scheduled Intervals'!A27 -> Sany SY up to 155 | B27: 0.7 | D27: 0.1 | H27: 0.5 | I27: 0.25 | J27: 0.5 | Q27: 0.5 | U27: 0.7 | Z27: 0.3 | AF27: 0.1 | AG27: 0.5 | AH27: 0.5 | AI27: 1 | AK27: 1 | AT27: 0.5 | BB27: 0.1 | BH27: 1 | BJ27: 0.25 | BK27: 2 | BN27: 0.7 | BO27: 0.5 | BP27: 1.05
A28: =+'Scheduled Intervals'!A28 -> Sany SY up to 215 | B28: 0.7 | D28: 0.1 | H28: 0.7 | I28: 0.25 | Q28: 0.5 | R28: 1 | U28: 0.7 | Z28: 0.3 | AF28: 0.1 | AG28: 0.5 | AH28: 0.5 | AI28: 1 | AJ28: 1 | AT28: 0.7 | BB28: 0.1 | BH28: 1 | BJ28: 0.25 | BK28: 2 | BN28: 0.7 | BO28: 0.7 | BP28: 1.05
A29: =+'Scheduled Intervals'!A29 -> Sany SY up to 500 | B29: 1 | D29: 0.1 | H29: 0.7 | I29: 0.25 | Q29: 0.5 | R29: 1 | U29: 1 | Z29: 0.3 | AF29: 0.1 | AG29: 0.5 | AH29: 0.5 | AI29: 1.5 | AJ29: 1 | AT29: 0.7 | BB29: 0.1 | BC29: 0.2 | BH29: 1.5 | BJ29: 0.25 | BK29: 2 | BM29: 1 | BN29: 1 | BO29: 0.7 | BP29: 1.05
A30: =+'Scheduled Intervals'!A30 -> Sany SW up to 305 | B30: 1 | D30: 0.3 | E30: 1.5 | H30: 0.7 | I30: 0.25 | K30: 0.3 | M30: 0.5 | N30: 1 | U30: 1 | Z30: 0.3 | AB30: 1 | AC30: 0.3 | AF30: 0.1 | AG30: 0.5 | AH30: 0.5 | AI30: 1.5 | AJ30: 1 | AT30: 0.7 | BB30: 0.1 | BC30: 0.2 | BH30: 1.5 | BJ30: 0.25 | BK30: 2 | BL30: 0.5 | BN30: 1 | BO30: 0.7 | BP30: 1.05
A31: =+'Scheduled Intervals'!A31 -> SCL - DIESEL | B31: 0.3 | F31: 0.4 | H31: 0.2 | I31: 0.25 | U31: 0.3 | X31: 0.2 | Z31: 0.5 | AB31: 0.7 | AC31: 0.2 | AE31: 0.1 | AT31: 0.2 | AW31: 0.3 | BB31: 0.1 | BC31: 0.1 | BH31: 0.3 | BI31: 0.1 | BJ31: 0.25 | BN31: 0.3 | BO31: 0.2 | BP31: 1.05
A32: =+'Scheduled Intervals'!A32 -> SCL - Gas | B32: 0.3 | H32: 0.2 | I32: 0.25 | S32: 0.9 | U32: 0.3 | Z32: 0.2 | AB32: 0.7 | AC32: 0.2 | AT32: 0.2 | BB32: 0.1 | BD32: 0.2 | BH32: 0.3 | BI32: 0.1 | BJ32: 0.25 | BN32: 0.3 | BO32: 0.2 | BP32: 1.05
A33: =+'Scheduled Intervals'!A33 -> Mini Excavator | B33: 0.4 | F33: 0.3 | H33: 0.2 | I33: 0.25 | U33: 0.4 | Z33: 0.2 | AF33: 0.1 | AG33: 0.5 | AI33: 1 | AT33: 0.2 | BB33: 0.1 | BC33: 0.2 | BH33: 1 | BJ33: 0.25 | BN33: 0.4 | BO33: 0.2 | BP33: 1.05
A34: =+'Scheduled Intervals'!A34 -> Sub Compact BX | B34: 0.4 | H34: 0.2 | I34: 0.25 | U34: 0.4 | V34: 0.2 | W34: 0.1 | Z34: 0.2 | AB34: 1 | AC34: 0.3 | AE34: 0.3 | AG34: 0.5 | AL34: 1 | AT34: 0.2 | BB34: 0.1 | BC34: 0.2 | BH34: 1 | BJ34: 0.25 | BN34: 0.4 | BO34: 0.2 | BP34: 1.05
A37: ='Scheduled Intervals'!A4 -> RTV | B37: ='Scheduled Intervals'!B4 -> 50 | C37: ='Scheduled Intervals'!C4 -> 0 | D37: ='Scheduled Intervals'!D4 -> 0 | E37: ='Scheduled Intervals'!E4 -> 0 | F37: ='Scheduled Intervals'!F4 -> 50 | G37: ='Scheduled Intervals'!G4 -> 0 | H37: ='Scheduled Intervals'!H4 -> 50 | ... BP37: ='Scheduled Intervals'!BP4 -> Annual
B38: ='Scheduled Intervals'!B5 -> 8 | C38: ='Scheduled Intervals'!C5 -> 0 | D38: ='Scheduled Intervals'!D5 -> 0 | E38: ='Scheduled Intervals'!E5 -> 0 | F38: ='Scheduled Intervals'!F5 -> 0 | G38: ='Scheduled Intervals'!G5 -> 0 | H38: ='Scheduled Intervals'!H5 -> 50 | I38: ='Scheduled Intervals'!I5 -> 50 | ... BP38: ='Scheduled Intervals'!BP5 -> Annual
B39: ='Scheduled Intervals'!B6 -> 50 | C39: ='Scheduled Intervals'!C6 -> 0 | D39: ='Scheduled Intervals'!D6 -> 0 | E39: ='Scheduled Intervals'!E6 -> 0 | F39: ='Scheduled Intervals'!F6 -> 50 | G39: ='Scheduled Intervals'!G6 -> 0 | H39: ='Scheduled Intervals'!H6 -> 50 | I39: ='Scheduled Intervals'!I6 -> 50 | ... BP39: ='Scheduled Intervals'!BP6 -> Annual
B40: ='Scheduled Intervals'!B7 -> 50 | C40: ='Scheduled Intervals'!C7 -> 0 | D40: ='Scheduled Intervals'!D7 -> 0 | E40: ='Scheduled Intervals'!E7 -> 0 | F40: ='Scheduled Intervals'!F7 -> 50 | G40: ='Scheduled Intervals'!G7 -> 0 | H40: ='Scheduled Intervals'!H7 -> 50 | I40: ='Scheduled Intervals'!I7 -> 50 | ... BP40: ='Scheduled Intervals'!BP7 -> Annual
B41: ='Scheduled Intervals'!B8 -> 50 | C41: ='Scheduled Intervals'!C8 -> 0 | D41: ='Scheduled Intervals'!D8 -> 0 | E41: ='Scheduled Intervals'!E8 -> 0 | F41: ='Scheduled Intervals'!F8 -> 50 | G41: ='Scheduled Intervals'!G8 -> 0 | H41: ='Scheduled Intervals'!H8 -> 50 | I41: ='Scheduled Intervals'!I8 -> 50 | ... BP41: ='Scheduled Intervals'!BP8 -> Annual
B42: ='Scheduled Intervals'!B9 -> 50 | C42: ='Scheduled Intervals'!C9 -> 0 | D42: ='Scheduled Intervals'!D9 -> 0 | E42: ='Scheduled Intervals'!E9 -> 0 | F42: ='Scheduled Intervals'!F9 -> 0 | G42: ='Scheduled Intervals'!G9 -> 0 | H42: ='Scheduled Intervals'!H9 -> 50 | I42: ='Scheduled Intervals'!I9 -> 50 | ... BP42: ='Scheduled Intervals'!BP9 -> Annual
B43: ='Scheduled Intervals'!B10 -> 50 | C43: ='Scheduled Intervals'!C10 -> 50 | D43: ='Scheduled Intervals'!D10 -> 0 | E43: ='Scheduled Intervals'!E10 -> 0 | F43: ='Scheduled Intervals'!F10 -> 50 | G43: ='Scheduled Intervals'!G10 -> 0 | H43: ='Scheduled Intervals'!H10 -> 50 | I43: ='Scheduled Intervals'!I10 -> 50 | ... BP43: ='Scheduled Intervals'!BP10 -> Annual
B44: ='Scheduled Intervals'!B11 -> 50 | C44: ='Scheduled Intervals'!C11 -> 0 | D44: ='Scheduled Intervals'!D11 -> 50 | E44: ='Scheduled Intervals'!E11 -> 0 | F44: ='Scheduled Intervals'!F11 -> 50 | G44: ='Scheduled Intervals'!G11 -> 0 | H44: ='Scheduled Intervals'!H11 -> 50 | I44: ='Scheduled Intervals'!I11 -> 50 | ... BP44: ='Scheduled Intervals'!BP11 -> Annual
B45: ='Scheduled Intervals'!B12 -> 50 | C45: ='Scheduled Intervals'!C12 -> 50 | D45: ='Scheduled Intervals'!D12 -> 50 | E45: ='Scheduled Intervals'!E12 -> 0 | F45: ='Scheduled Intervals'!F12 -> 0 | G45: ='Scheduled Intervals'!G12 -> 0 | H45: ='Scheduled Intervals'!H12 -> 50 | I45: ='Scheduled Intervals'!I12 -> 50 | ... BP45: ='Scheduled Intervals'!BP12 -> Annual
B46: ='Scheduled Intervals'!B13 -> 50 | C46: ='Scheduled Intervals'!C13 -> 50 | D46: ='Scheduled Intervals'!D13 -> 50 | E46: ='Scheduled Intervals'!E13 -> 0 | F46: ='Scheduled Intervals'!F13 -> 0 | G46: ='Scheduled Intervals'!G13 -> 0 | H46: ='Scheduled Intervals'!H13 -> 50 | I46: ='Scheduled Intervals'!I13 -> 50 | ... BP46: ='Scheduled Intervals'!BP13 -> Annual
B47: ='Scheduled Intervals'!B14 -> 50 | C47: ='Scheduled Intervals'!C14 -> 50 | D47: ='Scheduled Intervals'!D14 -> 50 | E47: ='Scheduled Intervals'!E14 -> 0 | F47: ='Scheduled Intervals'!F14 -> 0 | G47: ='Scheduled Intervals'!G14 -> 0 | H47: ='Scheduled Intervals'!H14 -> 50 | I47: ='Scheduled Intervals'!I14 -> 50 | ... BP47: ='Scheduled Intervals'!BP14 -> Annual
B48: ='Scheduled Intervals'!B15 -> 50 | C48: ='Scheduled Intervals'!C15 -> 50 | D48: ='Scheduled Intervals'!D15 -> 50 | E48: ='Scheduled Intervals'!E15 -> 0 | F48: ='Scheduled Intervals'!F15 -> 0 | G48: ='Scheduled Intervals'!G15 -> 0 | H48: ='Scheduled Intervals'!H15 -> 50 | I48: ='Scheduled Intervals'!I15 -> 50 | ... BP48: ='Scheduled Intervals'!BP15 -> Annual
B49: ='Scheduled Intervals'!B16 -> 50 | C49: ='Scheduled Intervals'!C16 -> 0 | D49: ='Scheduled Intervals'!D16 -> 0 | E49: ='Scheduled Intervals'!E16 -> 50 | F49: ='Scheduled Intervals'!F16 -> 50 | G49: ='Scheduled Intervals'!G16 -> 0 | H49: ='Scheduled Intervals'!H16 -> 50 | I49: ='Scheduled Intervals'!I16 -> 50 | ... BP49: ='Scheduled Intervals'!BP16 -> Annual
... B64: ='Scheduled Intervals'!B31 -> 50 | C64: ='Scheduled Intervals'!C31 -> 0 | D64: ='Scheduled Intervals'!D31 -> 0 | E64: ='Scheduled Intervals'!E31 -> 0 | F64: ='Scheduled Intervals'!F31 -> 50 | G64: ='Scheduled Intervals'!G31 -> 0 | H64: ='Scheduled Intervals'!H31 -> 50 | I64: ='Scheduled Intervals'!I31 -> 50 | ... BP64: ='Scheduled Intervals'!BP31 -> Annual
B65: ='Scheduled Intervals'!B33 -> 50 | C65: ='Scheduled Intervals'!C33 -> 0 | D65: ='Scheduled Intervals'!D33 -> 0 | E65: ='Scheduled Intervals'!E33 -> 0 | F65: ='Scheduled Intervals'!F33 -> 50 | G65: ='Scheduled Intervals'!G33 -> 0 | H65: ='Scheduled Intervals'!H33 -> 50 | I65: ='Scheduled Intervals'!I33 -> 50 | ... BP65: ='Scheduled Intervals'!BP33 -> Annual
B66: ='Scheduled Intervals'!B34 -> 50 | C66: ='Scheduled Intervals'!C34 -> 0 | D66: ='Scheduled Intervals'!D34 -> 0 | E66: ='Scheduled Intervals'!E34 -> 0 | F66: ='Scheduled Intervals'!F34 -> 0 | G66: ='Scheduled Intervals'!G34 -> 0 | H66: ='Scheduled Intervals'!H34 -> 50 | I66: ='Scheduled Intervals'!I34 -> 50 | ... BP66: ='Scheduled Intervals'!BP34 -> Annual
A68: ='Scheduled Intervals'!A37 -> RTV | B68: =IF('Scheduled Intervals'!$B38<>"",_xlfn.XLOOKUP($A68,$A:$A,B:B),"") -> 0.4 | C68: =IF('Scheduled Intervals'!$B38<>"",_xlfn.XLOOKUP($A68,$A:$A,C:C),"") -> 0 | D68: =IF('Scheduled Intervals'!$B38<>"",_xlfn.XLOOKUP($A68,$A:$A,D:D),"") -> 0 | E68: =IF('Scheduled Intervals'!$B38<>"",_xlfn.XLOOKUP($A68,$A:$A,E:E),"") -> 0 | F68: =IF('Scheduled Intervals'!$B38<>"",_xlfn.XLOOKUP($A68,$A:$A,F:F),"") -> 0.8 | G68: =IF('Scheduled Intervals'!$B38<>"",_xlfn.XLOOKUP($A68,$A:$A,G:G),"") -> 0 | H68: =IF('Scheduled Intervals'!$B38<>"",_xlfn.XLOOKUP($A68,$A:$A,H:H),"") -> 0.1 | I68: =IF('Scheduled Intervals'!$B38<>"",_xlfn.XLOOKUP($A68,$A:$A,I:I),"") -> 0.25 | J68: =IF('Scheduled Intervals'!$B38<>"",_xlfn.XLOOKUP($A68,$A:$A,J:J),"") -> 0 | K68: =IF('Scheduled Intervals'!$B38<>"",_xlfn.XLOOKUP($A68,$A:$A,K:K),"") -> 0 | L68: =IF('Scheduled Intervals'!$B38<>"",_xlfn.XLOOKUP($A68,$A:$A,L:L),"") -> 0 | M68: =IF('Scheduled Intervals'!$B38<>"",_xlfn.XLOOKUP($A68,$A:$A,M:M),"") -> 0 | N68: =IF('Scheduled Intervals'!$B38<>"",_xlfn.XLOOKUP($A68,$A:$A,N:N),"") -> 0 | O68: =IF('Scheduled Intervals'!$B38<>"",_xlfn.XLOOKUP($A68,$A:$A,O:O),"") -> 0 | P68: =IF('Scheduled Intervals'!$B38<>"",_xlfn.XLOOKUP($A68,$A:$A,P:P),"") -> 0.1 | Q68: =IF('Scheduled Intervals'!$B38<>"",_xlfn.XLOOKUP($A68,$A:$A,Q:Q),"") -> 0 | R68: =IF('Scheduled Intervals'!$B38<>"",_xlfn.XLOOKUP($A68,$A:$A,R:R),"") -> 0 | S68: =IF('Scheduled Intervals'!$B38<>"",_xlfn.XLOOKUP($A68,$A:$A,S:S),"") -> 0 | T68: =IF('Scheduled Intervals'!$B38<>"",_xlfn.XLOOKUP($A68,$A:$A,T:T),"") -> 0 | U68: =IF('Scheduled Intervals'!$B38<>"",_xlfn.XLOOKUP($A68,$A:$A,U:U),"") -> 0.4 | V68: =IF('Scheduled Intervals'!$B38<>"",_xlfn.XLOOKUP($A68,$A:$A,V:V),"") -> 0 | W68: =IF('Scheduled Intervals'!$B38<>"",_xlfn.XLOOKUP($A68,$A:$A,W:W),"") -> 0 | X68: =IF('Scheduled Intervals'!$B38<>"",_xlfn.XLOOKUP($A68,$A:$A,X:X),"") -> 0 | Y68: =IF('Scheduled Intervals'!$B38<>"",_xlfn.XLOOKUP($A68,$A:$A,Y:Y),"") -> 0.1 | Z68: =IF('Scheduled Intervals'!$B38<>"",_xlfn.XLOOKUP($A68,$A:$A,Z:Z),"") -> 0.2 | AA68: =IF('Scheduled Intervals'!$B38<>"",_xlfn.XLOOKUP($A68,$A:$A,AA:AA),"") -> 0 | AB68: =IF('Scheduled Intervals'!$B38<>"",_xlfn.XLOOKUP($A68,$A:$A,AB:AB),"") -> 0.6 | AC68: =IF('Scheduled Intervals'!$B38<>"",_xlfn.XLOOKUP($A68,$A:$A,AC:AC),"") -> 0.2 | AD68: =IF('Scheduled Intervals'!$B38<>"",_xlfn.XLOOKUP($A68,$A:$A,AD:AD),"") -> 0 | AE68: =IF('Scheduled Intervals'!$B38<>"",_xlfn.XLOOKUP($A68,$A:$A,AE:AE),"") -> 0.2 | AF68: =IF('Scheduled Intervals'!$B38<>"",_xlfn.XLOOKUP($A68,$A:$A,AF:AF),"") -> 0 | AG68: =IF('Scheduled Intervals'!$B38<>"",_xlfn.XLOOKUP($A68,$A:$A,AG:AG),"") -> 0 | AH68: =IF('Scheduled Intervals'!$B38<>"",_xlfn.XLOOKUP($A68,$A:$A,AH:AH),"") -> 0 | AI68: =IF('Scheduled Intervals'!$B38<>"",_xlfn.XLOOKUP($A68,$A:$A,AI:AI),"") -> 0.9 | AJ68: =IF('Scheduled Intervals'!$B38<>"",_xlfn.XLOOKUP($A68,$A:$A,AJ:AJ),"") -> 0 | AK68: =IF('Scheduled Intervals'!$B38<>"",_xlfn.XLOOKUP($A68,$A:$A,AK:AK),"") -> 0 | AL68: =IF('Scheduled Intervals'!$B38<>"",_xlfn.XLOOKUP($A68,$A:$A,AL:AL),"") -> 0.5 | AM68: =IF('Scheduled Intervals'!$B38<>"",_xlfn.XLOOKUP($A68,$A:$A,AM:AM),"") -> 0 | AN68: =IF('Scheduled Intervals'!$B38<>"",_xlfn.XLOOKUP($A68,$A:$A,AN:AN),"") -> 0 | AO68: =IF('Scheduled Intervals'!$B38<>"",_xlfn.XLOOKUP($A68,$A:$A,AO:AO),"") -> 0 | AP68: =IF('Scheduled Intervals'!$B38<>"",_xlfn.XLOOKUP($A68,$A:$A,AP:AP),"") -> 0 | AQ68: =IF('Scheduled Intervals'!$B38<>"",_xlfn.XLOOKUP($A68,$A:$A,AQ:AQ),"") -> 0 | AR68: =IF('Scheduled Intervals'!$B38<>"",_xlfn.XLOOKUP($A68,$A:$A,AR:AR),"") -> 0 | AS68: =IF('Scheduled Intervals'!$B38<>"",_xlfn.XLOOKUP($A68,$A:$A,AS:AS),"") -> 0 | AT68: =IF('Scheduled Intervals'!$B38<>"",_xlfn.XLOOKUP($A68,$A:$A,AT:AT),"") -> 0.1 | AU68: =IF('Scheduled Intervals'!$B38<>"",_xlfn.XLOOKUP($A68,$A:$A,AU:AU),"") -> 0 | AV68: =IF('Scheduled Intervals'!$B38<>"",_xlfn.XLOOKUP($A68,$A:$A,AV:AV),"") -> 0 | AW68: =IF('Scheduled Intervals'!$B38<>"",_xlfn.XLOOKUP($A68,$A:$A,AW:AW),"") -> 1.5 | AX68: =IF('Scheduled Intervals'!$B38<>"",_xlfn.XLOOKUP($A68,$A:$A,AX:AX),"") -> 0 | AY68: =IF('Scheduled Intervals'!$B38<>"",_xlfn.XLOOKUP($A68,$A:$A,AY:AY),"") -> 0 | AZ68: =IF('Scheduled Intervals'!$B38<>"",_xlfn.XLOOKUP($A68,$A:$A,AZ:AZ),"") -> 0 | BA68: =IF('Scheduled Intervals'!$B38<>"",_xlfn.XLOOKUP($A68,$A:$A,BA:BA),"") -> 0 | BB68: =IF('Scheduled Intervals'!$B38<>"",_xlfn.XLOOKUP($A68,$A:$A,BB:BB),"") -> 0.1 | BC68: =IF('Scheduled Intervals'!$B38<>"",_xlfn.XLOOKUP($A68,$A:$A,BC:BC),"") -> 0.1 | BD68: =IF('Scheduled Intervals'!$B38<>"",_xlfn.XLOOKUP($A68,$A:$A,BD:BD),"") -> 0.4 | BE68: =IF('Scheduled Intervals'!$B38<>"",_xlfn.XLOOKUP($A68,$A:$A,BE:BE),"") -> 0 | BF68: =IF('Scheduled Intervals'!$B38<>"",_xlfn.XLOOKUP($A68,$A:$A,BF:BF),"") -> 0 | BG68: =IF('Scheduled Intervals'!$B38<>"",_xlfn.XLOOKUP($A68,$A:$A,BG:BG),"") -> 0 | BH68: =IF('Scheduled Intervals'!$B38<>"",_xlfn.XLOOKUP($A68,$A:$A,BH:BH),"") -> 0.5 | BI68: =IF('Scheduled Intervals'!$B38<>"",_xlfn.XLOOKUP($A68,$A:$A,BI:BI),"") -> 0 | BJ68: =IF('Scheduled Intervals'!$B38<>"",_xlfn.XLOOKUP($A68,$A:$A,BJ:BJ),"") -> 0.25 | BK68: =IF('Scheduled Intervals'!$B38<>"",_xlfn.XLOOKUP($A68,$A:$A,BK:BK),"") -> 0 | BL68: =IF('Scheduled Intervals'!$B38<>"",_xlfn.XLOOKUP($A68,$A:$A,BL:BL),"") -> 0 | BM68: =IF('Scheduled Intervals'!$B38<>"",_xlfn.XLOOKUP($A68,$A:$A,BM:BM),"") -> 0 | BN68: =IF('Scheduled Intervals'!$B38<>"",_xlfn.XLOOKUP($A68,$A:$A,BN:BN),"") -> 0.4 | BO68: =IF('Scheduled Intervals'!$B38<>"",_xlfn.XLOOKUP($A68,$A:$A,BO:BO),"") -> 0.1 | BP68: =IF('Scheduled Intervals'!$B38<>"",_xlfn.XLOOKUP($A68,$A:$A,BP:BP),"") -> 1.05

Sheet Parts Cost Per Job
B1: FIRST SERVICES | Q1: ONE TIME SERVICE | U1: Included Maintenance Interval
A2: PRICE FOR PARTS FOR JOB | B2: =+'Scheduled Intervals'!B2 -> Perform Oil and Filter Change | C2: =+'Scheduled Intervals'!C2 -> Clean Water seperator | D2: =+'Scheduled Intervals'!D2 -> Drain Water from Fuel Tank | E2: =+'Scheduled Intervals'!E2 -> Perform Transmission Filter and Fluid Service | F2: =+'Scheduled Intervals'!F2 -> Change HST Oil Filter | G2: =+'Scheduled Intervals'!G2 -> Change Hydraulic Fluid | H2: =+'Scheduled Intervals'!H2 -> Grease Machine at required lubrication fittings | I2: =+'Scheduled Intervals'!I2 -> Conduct Multi Point Inpection and make minor adjustments | ... BP2: =+'Scheduled Intervals'!BP2 -> Conduct Annual Multi Point Inpection and Make Minor Adjustments
A3: Job Description | B3: =+'Scheduled Intervals'!B3 -> Parts and Labor | C3: =+'Scheduled Intervals'!C3 -> Labor Only | D3: =+'Scheduled Intervals'!D3 -> Labor Only | E3: =+'Scheduled Intervals'!E3 -> Parts and Labor | F3: =+'Scheduled Intervals'!F3 -> Parts and Labor | G3: =+'Scheduled Intervals'!G3 -> Parts and Labor | H3: =+'Scheduled Intervals'!H3 -> Parts and Labor | I3: =+'Scheduled Intervals'!I3 -> Labor Only | ... BP3: =+'Scheduled Intervals'!BP3 -> Labor Only | BQ3: =+'Scheduled Intervals'!BP3 -> Labor Only
A4: =+'Scheduled Intervals'!A4 -> RTV | B4: 28.59 | F4: 36.19 | H4: 7.6 | P4: 32.91 | U4: 28.59 | Z4: 14.82 | AB4: 35.6 | AC4: 18.59 | AE4: 36.19 | AI4: 84.55 | AL4: 6.21 | AT4: 7.6 | AW4: 85.04 | BB4: 36.19 | BC4: 39.82 | BD4: 21.2 | BH4: 21.54 | BN4: 28.59 | BO4: 7.6
A5: =+'Scheduled Intervals'!A5 -> Zero Turn Gas | B5: 19.25 | H5: 7.6 | S5: 24.48 | U5: 19.25 | Z5: 10.4 | AB5: 13.35 | AC5: 11.13 | AT5: 7.6 | BB5: 27.09 | BD5: 1.17 | BH5: 21.54 | BN5: 19.25 | BO5: 7.6
A6: =+'Scheduled Intervals'!A6 -> Zero Turn Diesel | B6: 30.85 | F6: 18.59 | H6: 7.6 | U6: 30.85 | X6: 36.35 | Z6: 18.18 | AB6: 57.85 | AC6: 36.19 | AE6: 18.59 | AT6: 7.6 | AW6: 85.4 | BB6: 21.18 | BC6: 16.25 | BH6: 21.54 | BN6: 30.85 | BO6: 7.6
A7: =+'Scheduled Intervals'!A7 -> Compact L series | B7: 31.54 | F7: 18.59 | H7: 7.6 | M7: 18.59 | U7: 31.54 | Z7: 14.82 | AB7: 133.5 | AC7: 18.59 | AE7: 18.59 | AL7: 31.05 | AT7: 7.6 | AW7: 99.2 | BB7: 28.05 | BH7: 21.54 | BN7: 31.54 | BO7: 7.6
A8: =+'Scheduled Intervals'!A8 -> Utility under 75 MX&M | B8: 39.84 | F8: 53.19 | H8: 7.6 | U8: 39.84 | V8: 65.15 | Z8: 22.33 | AB8: 204.7 | AE8: 53.19 | AL8: 55.89 | AS8: 26.17 | AT8: 7.6 | BB8: 21.18 | BC8: 16.25 | BH8: 10.77 | BN8: 39.84 | BO8: 7.6
A9: =+'Scheduled Intervals'!A9 -> Utility over 75 M4 class | B9: 65.7 | H9: 7.6 | U9: 65.7 | V9: 15.44 | Z9: 21.35 | AB9: 222.5 | AE9: 51.18 | AJ9: 62.1 | AS9: 26.17 | AT9: 7.6 | AW9: 115.71 | BB9: 18.72 | BH9: 32.31 | BN9: 65.7 | BO9: 7.6
A10: =+'Scheduled Intervals'!A10 -> Large Ag M6 | B10: 114.33 | F10: 69.02 | H10: 7.6 | U10: 114.33 | V10: 70.77 | X10: 25.82 | Z10: 25.82 | AB10: 400.5 | AC10: 131.92 | AG10: 103.03 | AI10: 66.72 | AK10: 68.31 | AL10: 74.52 | AT10: 7.6 | AW10: 121.25 | BA10: 169.18 | BB10: 102.51 | BH10: 75.39 | BK10: 271.45 | BN10: 114.33 | BO10: 7.6
A11: =+'Scheduled Intervals'!A11 -> Skid Steer | B11: 59.44 | F11: 53.19 | H11: 7.6 | Q11: 81.25 | U11: 59.45 | V11: 65.15 | Z11: 15.23 | AB11: 133.5 | AE11: 53.19 | AF11: 47.4 | AG11: 81.25 | AI11: 53.4 | AS11: 106.73 | AT11: 7.6 | AW11: 121.25 | BB11: 31.34 | BH11: 32.31 | BN11: 59.45 | BO11: 7.6
A12: =+'Scheduled Intervals'!A12 -> Excavator - under 3.5 ton | B12: 56.44 | H12: 7.6 | Q12: 80.17 | U12: 56.44 | V12: 85.67 | X12: 60.85 | Z12: 25.45 | AF12: 16.15 | AG12: 55.82 | AH12: 24.35 | AI12: 51.83 | AL12: 12.42 | AS12: 29.04 | AT12: 7.6 | AW12: 41.27 | AZ12: 63.12 | BB12: 54.4 | BH12: 32.31 | BN12: 56.44 | BO12: 7.6
A13: =+'Scheduled Intervals'!A13 -> Excavator - over 3.5 ton | B13: 56.44 | H13: 7.6 | Q13: 80.17 | U13: 56.44 | V13: 85.67 | X13: 60.85 | Z13: 25.45 | AF13: 16.15 | AG13: 55.82 | AH13: 24.35 | AI13: 170.93 | AL13: 12.42 | AS13: 47.14 | AT13: 7.6 | AW13: 99.2 | AZ13: 63.12 | BB13: 54.4 | BH13: 32.31 | BN13: 56.44 | BO13: 7.6
A14: =+'Scheduled Intervals'!A14 -> Wheel Loader | B14: 55.3 | H14: 7.6 | R14: 49.68 | U14: 55.3 | V14: 61.39 | X14: 32.51 | Z14: 79.46 | AG14: 64.8 | AI14: 326.79 | AJ14: 49.68 | AS14: 67.64 | AT14: 7.6 | AW14: 117.73 | BB14: 116.14 | BH14: 32.31 | BN14: 55.3 | BO14: 7.6
A15: =+'Scheduled Intervals'!A15 -> Telehandler | B15: 109.5 | H15: 7.6 | R15: 52.55 | U15: 109.5 | X15: 32.86 | Z15: 47.75 | AG15: 81.33 | AI15: 341.74 | AS15: 58.48 | AT15: 7.6 | AW15: 124.98 | BB15: 30.75 | BH15: 32.31 | BN15: 109.5 | BO15: 7.6
A16: =+'Scheduled Intervals'!A16 -> Mahindra Emax | B16: 33.97 | E16: 102.35 | F16: 21.28 | H16: 7.6 | L16: 24.84 | U16: 33.97 | Z16: 41.41 | AB16: 102.35 | AE16: 21.28 | AL16: 24.84 | AT16: 7.6 | BB16: 29.8 | BH16: 21.54 | BN16: 33.97 | BO16: 7.6
A17: =+'Scheduled Intervals'!A17 -> Mahindra 1600 Series | B17: 26.63 | E17: 192.56 | F17: 30.21 | H17: 7.6 | K17: 59.02 | L17: 31.05 | U17: 26.63 | Z17: 59.02 | AB17: 192.56 | AE17: 30.21 | AL17: 31.05 | AT17: 7.6 | AW17: 78 | BB17: 35 | BH17: 21.54 | BN17: 26.63 | BO17: 7.6
A18: =+'Scheduled Intervals'!A18 -> Mahindra 4500 | B18: 58.92 | F18: 18.18 | H18: 7.6 | U18: 58.92 | Z18: 27.48 | AB18: 178 | AC18: 72.73 | AE18: 18.18 | AL18: 55.98 | AT18: 7.6 | AW18: 38.25 | BB18: 38 | BC18: 37 | BH18: 33.45 | BN18: 58.92 | BO18: 7.6
A19: =+'Scheduled Intervals'!A19 -> Mahindra 5500 | B19: 58.92 | F19: 40.15 | H19: 7.6 | U19: 58.92 | Z19: 58.62 | AB19: 222.5 | AC19: 40.15 | AI19: 262.65 | AL19: 55.98 | AT19: 7.6 | BB19: 63.7 | BC19: 29.29 | BH19: 33.45 | BN19: 58.92 | BO19: 7.6
A20: =+'Scheduled Intervals'!A20 -> Mahindra 6000 | B20: 58.92 | F20: 70.71 | H20: 7.6 | U20: 58.92 | Z20: 27.48 | AB20: 262.55 | AC20: 70.71 | AI20: 311.01 | AL20: 55.98 | AT20: 7.6 | AW20: 156 | BB20: 48.48 | BC20: 34.34 | BH20: 33.45 | BN20: 58.92 | BO20: 7.6
A21: =+'Scheduled Intervals'!A21 -> Takeuchi TL 8/10/12 | B21: 77.114 | F21: 55.82 | H21: 7.6 | M21: 55.82 | P21: 30.44 | U21: 77.114 | V21: 66.15 | X21: 20.94 | Z21: 24.47 | AG21: 59.12 | AH21: 24.35 | AI21: 540.3 | AL21: 24.84 | AT21: 7.6 | AW21: 108.23 | BB21: 64.16 | BH21: 43.08 | BN21: 77.114 | BO21: 7.6
A22: =+'Scheduled Intervals'!A22 -> Takeuchi 228-235-250 | B22: 77.11 | H22: 7.6 | Q22: 83.47 | R22: 12.42 | U22: 40.91 | X22: 16.83 | Z22: 35.43 | AB22: 449.45 | AF22: 13.73 | AG22: 59.12 | AH22: 24.35 | AJ22: 12.42 | AT22: 7.6 | AW22: 108.23 | BB22: 11.22 | BC22: 10.65 | BH22: 21.54 | BN22: 40.91 | BO22: 7.6
A23: =+'Scheduled Intervals'!A23 -> Takeuchi 260 | B23: 77.11 | H23: 7.6 | Q23: 86.26 | R23: 12.42 | U23: 40.43 | X23: 37.52 | Z23: 37.92 | AB23: 427.2 | AF23: 16.15 | AG23: 55.82 | AH23: 30.44 | AL23: 12.42 | AT23: 7.6 | AW23: 25.31 | BB23: 18.24 | BC23: 72.4 | BH23: 32.31 | BN23: 40.43 | BO23: 7.6
A24: =+'Scheduled Intervals'!A24 -> Takeuchi 335 | B24: 77.11 | H24: 7.6 | Q24: 83.47 | U24: 77.11 | X24: 17.77 | Z24: 13.86 | AB24: 293.7 | AF24: 16.15 | AG24: 55.27 | AH24: 24.35 | AT24: 7.6 | AW24: 108.23 | AZ24: 23.12 | BB24: 18.11 | BC24: 34.17 | BH24: 32.31 | BN24: 77.11 | BO24: 7.6
A25: =+'Scheduled Intervals'!A25 -> Sany SY up to 35 | B25: 47.05 | H25: 7.6 | Q25: 75.74 | R25: 12.42 | U25: 47.05 | X25: 17.14 | Z25: 19.75 | AF25: 22.51 | AG25: 75.74 | AH25: 17.22 | AI25: 191.35 | AK25: 12.42 | AT25: 7.6 | BB25: 37.07 | BH25: 21.54 | BN25: 47.05 | BO25: 7.6
A26: =+'Scheduled Intervals'!A26 -> Sany SY up to 60 | B26: 55.35 | H26: 7.6 | Q26: 75.74 | R26: 12.42 | U26: 55.35 | X26: 54.61 | Z26: 19.75 | AF26: 22.51 | AG26: 75.74 | AH26: 17.22 | AI26: 452.45 | AK26: 12.42 | AT26: 7.6 | BB26: 37.07 | BH26: 21.54 | BN26: 55.35 | BO26: 7.6
A27: =+'Scheduled Intervals'!A27 -> Sany SY up to 155 | B27: 80.25 | H27: 7.6 | Q27: 75.74 | U27: 80.25 | Z27: 19.75 | AF27: 22.51 | AG27: 75.74 | AH27: 17.22 | AI27: 536.97 | AK27: 37.32 | AT27: 7.6 | BB27: 120.91 | BH27: 64.62 | BK27: 239.84 | BN27: 80.25 | BO27: 7.6
A28: =+'Scheduled Intervals'!A28 -> Sany SY up to 215 | B28: 134.2 | H28: 7.6 | Q28: 75.74 | R28: 17.22 | U28: 134.2 | Z28: 92.12 | AF28: 22.51 | AG28: 75.74 | AH28: 17.22 | AI28: 1076.9 | AJ28: 62.2 | AT28: 7.6 | BB28: 120.91 | BH28: 86.16 | BK28: 341.55 | BN28: 134.2 | BO28: 7.6
A29: =+'Scheduled Intervals'!A29 -> Sany SY up to 500 | B29: 168.64 | H29: 7.6 | Q29: 75.74 | R29: 27.25 | U29: 168.64 | Z29: 54.61 | AF29: 54.24 | AG29: 75.74 | AH29: 17.22 | AI29: 1629.25 | AJ29: 31.1 | AT29: 7.6 | BB29: 242.31 | BC29: 116.26 | BH29: 140.01 | BK29: 467.21 | BM29: 74.64 | BN29: 168.64 | BO29: 7.6
A30: =+'Scheduled Intervals'!A30 -> Sany SW up to 305 | B30: 97.68 | E30: 284.24 | H30: 7.6 | K30: 166.7 | M30: 75.74 | N30: 460.28 | U30: 97.68 | Z30: 166.7 | AB30: 195.8 | AC30: 84.44 | AF30: 18.36 | AG30: 75.74 | AH30: 7.78 | AI30: 657.12 | AJ30: 460.28 | AT30: 7.6 | BB30: 221.04 | BC30: 169.55 | BH30: 96.93 | BK30: 411.72 | BL30: 188.21 | BN30: 97.68 | BO30: 7.6
A31: =+'Scheduled Intervals'!A31 -> SCL - DIESEL | B31: 30.85 | F31: 18.59 | H31: 7.6 | U31: 30.85 | X31: 36.35 | Z31: 18.18 | AB31: 57.85 | AC31: 36.19 | AE31: 18.59 | AT31: 7.6 | AW31: 85.4 | BB31: 21.18 | BC31: 16.25 | BH31: 21.54 | BN31: 30.85 | BO31: 7.6
A32: =+'Scheduled Intervals'!A32 -> SCL - Gas | B32: 19.25 | H32: 7.6 | S32: 24.48 | U32: 19.25 | Z32: 10.4 | AB32: 13.35 | AC32: 11.13 | AT32: 7.6 | BB32: 27.09 | BD32: 1.17 | BH32: 21.54 | BN32: 19.25 | BO32: 7.6
A33: =+'Scheduled Intervals'!A33 -> Mini Excavator | B33: 25.22 | F33: 51.04 | H33: 7.6 | U33: 25.22 | Z33: 13.72 | AF33: 10.96 | AG33: 51.04 | AI33: 106.8 | AT33: 7.6 | BB33: 22.88 | BC33: 18.51 | BH33: 21.45 | BN33: 25.22 | BO33: 7.6
A34: =+'Scheduled Intervals'!A34 -> Sub Compact BX | B34: 45.97 | H34: 7.6 | U34: 45.97 | V34: 39.14 | Z34: 25.59 | AB34: 191.35 | AC34: 37.44 | AE34: 37.44 | AG34: 52.66 | AL34: 43.54 | AT34: 7.6 | BB34: 20.97 | BC34: 16.09 | BH34: 21.45 | BN34: 45.97 | BO34: 7.6
B37: ='Scheduled Intervals'!B4 -> 50 | C37: ='Scheduled Intervals'!C4 -> 0 | D37: ='Scheduled Intervals'!D4 -> 0 | E37: ='Scheduled Intervals'!E4 -> 0 | F37: ='Scheduled Intervals'!F4 -> 50 | G37: ='Scheduled Intervals'!G4 -> 0 | H37: ='Scheduled Intervals'!H4 -> 50 | I37: ='Scheduled Intervals'!I4 -> 50 | ... AC37: ='Scheduled Intervals'!AC4 -> 200 | AE37: ='Scheduled Intervals'!AE4 -> 200 | AF37: ='Scheduled Intervals'!AF4 -> 0 | AG37: ='Scheduled Intervals'!AG4 -> 0 | AH37: ='Scheduled Intervals'!AH4 -> 0 | AI37: ='Scheduled Intervals'!AI4 -> 200 | AJ37: ='Scheduled Intervals'!AJ4 -> 0 | AK37: ='Scheduled Intervals'!AK4 -> 0 | AL37: ='Scheduled Intervals'!AL4 -> 400 | ... BP37: ='Scheduled Intervals'!BP4 -> Annual
B38: ='Scheduled Intervals'!B5 -> 8 | C38: ='Scheduled Intervals'!C5 -> 0 | D38: ='Scheduled Intervals'!D5 -> 0 | E38: ='Scheduled Intervals'!E5 -> 0 | F38: ='Scheduled Intervals'!F5 -> 0 | G38: ='Scheduled Intervals'!G5 -> 0 | H38: ='Scheduled Intervals'!H5 -> 50 | I38: ='Scheduled Intervals'!I5 -> 50 | ... AC38: ='Scheduled Intervals'!AC5 -> 400 | AE38: ='Scheduled Intervals'!AE5 -> 0 | AF38: ='Scheduled Intervals'!AF5 -> 0 | AG38: ='Scheduled Intervals'!AG5 -> 0 | AH38: ='Scheduled Intervals'!AH5 -> 0 | AI38: ='Scheduled Intervals'!AI5 -> 0 | AJ38: ='Scheduled Intervals'!AJ5 -> 0 | AK38: ='Scheduled Intervals'!AK5 -> 0 | AL38: ='Scheduled Intervals'!AL5 -> 0 | ... BP38: ='Scheduled Intervals'!BP5 -> Annual
B39: ='Scheduled Intervals'!B6 -> 50 | C39: ='Scheduled Intervals'!C6 -> 0 | D39: ='Scheduled Intervals'!D6 -> 0 | E39: ='Scheduled Intervals'!E6 -> 0 | F39: ='Scheduled Intervals'!F6 -> 50 | G39: ='Scheduled Intervals'!G6 -> 0 | H39: ='Scheduled Intervals'!H6 -> 50 | I39: ='Scheduled Intervals'!I6 -> 50 | ... AC39: ='Scheduled Intervals'!AC6 -> 200 | AE39: ='Scheduled Intervals'!AE6 -> 400 | AF39: ='Scheduled Intervals'!AF6 -> 0 | AG39: ='Scheduled Intervals'!AG6 -> 0 | AH39: ='Scheduled Intervals'!AH6 -> 0 | AI39: ='Scheduled Intervals'!AI6 -> 0 | AJ39: ='Scheduled Intervals'!AJ6 -> 0 | AK39: ='Scheduled Intervals'!AK6 -> 0 | AL39: ='Scheduled Intervals'!AL6 -> 0 | ... BP39: ='Scheduled Intervals'!BP6 -> Annual
B40: ='Scheduled Intervals'!B7 -> 50 | C40: ='Scheduled Intervals'!C7 -> 0 | D40: ='Scheduled Intervals'!D7 -> 0 | E40: ='Scheduled Intervals'!E7 -> 0 | F40: ='Scheduled Intervals'!F7 -> 50 | G40: ='Scheduled Intervals'!G7 -> 0 | H40: ='Scheduled Intervals'!H7 -> 50 | I40: ='Scheduled Intervals'!I7 -> 50 | ... AC40: ='Scheduled Intervals'!AC7 -> 200 | AE40: ='Scheduled Intervals'!AE7 -> 400 | AF40: ='Scheduled Intervals'!AF7 -> 0 | AG40: ='Scheduled Intervals'!AG7 -> 0 | AH40: ='Scheduled Intervals'!AH7 -> 0 | AI40: ='Scheduled Intervals'!AI7 -> 0 | AJ40: ='Scheduled Intervals'!AJ7 -> 0 | AK40: ='Scheduled Intervals'!AK7 -> 0 | AL40: ='Scheduled Intervals'!AL7 -> 800 | ... BP40: ='Scheduled Intervals'!BP7 -> Annual
B41: ='Scheduled Intervals'!B8 -> 50 | C41: ='Scheduled Intervals'!C8 -> 0 | D41: ='Scheduled Intervals'!D8 -> 0 | E41: ='Scheduled Intervals'!E8 -> 0 | F41: ='Scheduled Intervals'!F8 -> 50 | G41: ='Scheduled Intervals'!G8 -> 0 | H41: ='Scheduled Intervals'!H8 -> 50 | I41: ='Scheduled Intervals'!I8 -> 50 | ... AC41: ='Scheduled Intervals'!AC8 -> 0 | AE41: ='Scheduled Intervals'!AE8 -> 400 | AF41: ='Scheduled Intervals'!AF8 -> 0 | AG41: ='Scheduled Intervals'!AG8 -> 0 | AH41: ='Scheduled Intervals'!AH8 -> 0 | AI41: ='Scheduled Intervals'!AI8 -> 0 | AJ41: ='Scheduled Intervals'!AJ8 -> 0 | AK41: ='Scheduled Intervals'!AK8 -> 0 | AL41: ='Scheduled Intervals'!AL8 -> 800 | ... BP41: ='Scheduled Intervals'!BP8 -> Annual
B42: ='Scheduled Intervals'!B9 -> 50 | C42: ='Scheduled Intervals'!C9 -> 0 | D42: ='Scheduled Intervals'!D9 -> 0 | E42: ='Scheduled Intervals'!E9 -> 0 | F42: ='Scheduled Intervals'!F9 -> 0 | G42: ='Scheduled Intervals'!G9 -> 0 | H42: ='Scheduled Intervals'!H9 -> 50 | I42: ='Scheduled Intervals'!I9 -> 50 | ... AC42: ='Scheduled Intervals'!AC9 -> 0 | AE42: ='Scheduled Intervals'!AE9 -> 500 | AF42: ='Scheduled Intervals'!AF9 -> 0 | AG42: ='Scheduled Intervals'!AG9 -> 0 | AH42: ='Scheduled Intervals'!AH9 -> 0 | AI42: ='Scheduled Intervals'!AI9 -> 0 | AJ42: ='Scheduled Intervals'!AJ9 -> 1000 | AK42: ='Scheduled Intervals'!AK9 -> 0 | AL42: ='Scheduled Intervals'!AL9 -> 0 | ... BP42: ='Scheduled Intervals'!BP9 -> Annual
B43: ='Scheduled Intervals'!B10 -> 50 | C43: ='Scheduled Intervals'!C10 -> 50 | D43: ='Scheduled Intervals'!D10 -> 0 | E43: ='Scheduled Intervals'!E10 -> 0 | F43: ='Scheduled Intervals'!F10 -> 50 | G43: ='Scheduled Intervals'!G10 -> 0 | H43: ='Scheduled Intervals'!H10 -> 50 | I43: ='Scheduled Intervals'!I10 -> 50 | ... AC43: ='Scheduled Intervals'!AC10 -> 500 | AE43: ='Scheduled Intervals'!AE10 -> 0 | AF43: ='Scheduled Intervals'!AF10 -> 0 | AG43: ='Scheduled Intervals'!AG10 -> 500 | AH43: ='Scheduled Intervals'!AH10 -> 0 | AI43: ='Scheduled Intervals'!AI10 -> 500 | AJ43: ='Scheduled Intervals'!AJ10 -> 0 | AK43: ='Scheduled Intervals'!AK10 -> 500 | AL43: ='Scheduled Intervals'!AL10 -> 1000 | ... BP43: ='Scheduled Intervals'!BP10 -> Annual
B44: ='Scheduled Intervals'!B11 -> 50 | C44: ='Scheduled Intervals'!C11 -> 0 | D44: ='Scheduled Intervals'!D11 -> 50 | E44: ='Scheduled Intervals'!E11 -> 0 | F44: ='Scheduled Intervals'!F11 -> 50 | G44: ='Scheduled Intervals'!G11 -> 0 | H44: ='Scheduled Intervals'!H11 -> 50 | I44: ='Scheduled Intervals'!I11 -> 50 | ... AC44: ='Scheduled Intervals'!AC11 -> 0 | AE44: ='Scheduled Intervals'!AE11 -> 500 | AF44: ='Scheduled Intervals'!AF11 -> 500 | AG44: ='Scheduled Intervals'!AG11 -> 500 | AH44: ='Scheduled Intervals'!AH11 -> 0 | AI44: ='Scheduled Intervals'!AI11 -> 1000 | AJ44: ='Scheduled Intervals'!AJ11 -> 0 | AK44: ='Scheduled Intervals'!AK11 -> 0 | AL44: ='Scheduled Intervals'!AL11 -> 0 | ... BP44: ='Scheduled Intervals'!BP11 -> Annual
B45: ='Scheduled Intervals'!B12 -> 50 | C45: ='Scheduled Intervals'!C12 -> 50 | D45: ='Scheduled Intervals'!D12 -> 50 | E45: ='Scheduled Intervals'!E12 -> 0 | F45: ='Scheduled Intervals'!F12 -> 0 | G45: ='Scheduled Intervals'!G12 -> 0 | H45: ='Scheduled Intervals'!H12 -> 50 | I45: ='Scheduled Intervals'!I12 -> 50 | ... AC45: ='Scheduled Intervals'!AC12 -> 0 | AE45: ='Scheduled Intervals'!AE12 -> 0 | AF45: ='Scheduled Intervals'!AF12 -> 1000 | AG45: ='Scheduled Intervals'!AG12 -> 1000 | AH45: ='Scheduled Intervals'!AH12 -> 1000 | AI45: ='Scheduled Intervals'!AI12 -> 1000 | AJ45: ='Scheduled Intervals'!AJ12 -> 0 | AK45: ='Scheduled Intervals'!AK12 -> 0 | AL45: ='Scheduled Intervals'!AL12 -> 1000 | ... BP45: ='Scheduled Intervals'!BP12 -> Annual
B46: ='Scheduled Intervals'!B13 -> 50 | C46: ='Scheduled Intervals'!C13 -> 50 | D46: ='Scheduled Intervals'!D13 -> 50 | E46: ='Scheduled Intervals'!E13 -> 0 | F46: ='Scheduled Intervals'!F13 -> 0 | G46: ='Scheduled Intervals'!G13 -> 0 | H46: ='Scheduled Intervals'!H13 -> 50 | I46: ='Scheduled Intervals'!I13 -> 50 | ... AC46: ='Scheduled Intervals'!AC13 -> 0 | AE46: ='Scheduled Intervals'!AE13 -> 0 | AF46: ='Scheduled Intervals'!AF13 -> 1000 | AG46: ='Scheduled Intervals'!AG13 -> 1000 | AH46: ='Scheduled Intervals'!AH13 -> 1000 | AI46: ='Scheduled Intervals'!AI13 -> 1000 | AJ46: ='Scheduled Intervals'!AJ13 -> 0 | AK46: ='Scheduled Intervals'!AK13 -> 0 | AL46: ='Scheduled Intervals'!AL13 -> 1000 | ... BP46: ='Scheduled Intervals'!BP13 -> Annual
B47: ='Scheduled Intervals'!B14 -> 50 | C47: ='Scheduled Intervals'!C14 -> 50 | D47: ='Scheduled Intervals'!D14 -> 50 | E47: ='Scheduled Intervals'!E14 -> 0 | F47: ='Scheduled Intervals'!F14 -> 0 | G47: ='Scheduled Intervals'!G14 -> 0 | H47: ='Scheduled Intervals'!H14 -> 50 | I47: ='Scheduled Intervals'!I14 -> 50 | ... AC47: ='Scheduled Intervals'!AC14 -> 0 | AE47: ='Scheduled Intervals'!AE14 -> 0 | AF47: ='Scheduled Intervals'!AF14 -> 0 | AG47: ='Scheduled Intervals'!AG14 -> 500 | AH47: ='Scheduled Intervals'!AH14 -> 0 | AI47: ='Scheduled Intervals'!AI14 -> 1000 | AJ47: ='Scheduled Intervals'!AJ14 -> 1000 | AK47: ='Scheduled Intervals'!AK14 -> 0 | AL47: ='Scheduled Intervals'!AL14 -> 0 | ... BP47: ='Scheduled Intervals'!BP14 -> Annual
B48: ='Scheduled Intervals'!B15 -> 50 | C48: ='Scheduled Intervals'!C15 -> 50 | D48: ='Scheduled Intervals'!D15 -> 50 | E48: ='Scheduled Intervals'!E15 -> 0 | F48: ='Scheduled Intervals'!F15 -> 0 | G48: ='Scheduled Intervals'!G15 -> 0 | H48: ='Scheduled Intervals'!H15 -> 50 | I48: ='Scheduled Intervals'!I15 -> 50 | ... AC48: ='Scheduled Intervals'!AC15 -> 0 | AE48: ='Scheduled Intervals'!AE15 -> 0 | AF48: ='Scheduled Intervals'!AF15 -> 0 | AG48: ='Scheduled Intervals'!AG15 -> 500 | AH48: ='Scheduled Intervals'!AH15 -> 0 | AI48: ='Scheduled Intervals'!AI15 -> 1000 | AJ48: ='Scheduled Intervals'!AJ15 -> 0 | AK48: ='Scheduled Intervals'!AK15 -> 0 | AL48: ='Scheduled Intervals'!AL15 -> 0 | ... BP48: ='Scheduled Intervals'!BP15 -> Annual
... B64: ='Scheduled Intervals'!B31 -> 50 | C64: ='Scheduled Intervals'!C31 -> 0 | D64: ='Scheduled Intervals'!D31 -> 0 | E64: ='Scheduled Intervals'!E31 -> 0 | F64: ='Scheduled Intervals'!F31 -> 50 | G64: ='Scheduled Intervals'!G31 -> 0 | H64: ='Scheduled Intervals'!H31 -> 50 | I64: ='Scheduled Intervals'!I31 -> 50 | ... AC64: ='Scheduled Intervals'!AC31 -> 200 | AE64: ='Scheduled Intervals'!AE31 -> 400 | AF64: ='Scheduled Intervals'!AF31 -> 0 | AG64: ='Scheduled Intervals'!AG31 -> 0 | AH64: ='Scheduled Intervals'!AH31 -> 0 | AI64: ='Scheduled Intervals'!AI31 -> 0 | AJ64: ='Scheduled Intervals'!AJ31 -> 0 | AK64: ='Scheduled Intervals'!AK31 -> 0 | AL64: ='Scheduled Intervals'!AL31 -> 0 | ... BP64: ='Scheduled Intervals'!BP31 -> Annual
B65: ='Scheduled Intervals'!B33 -> 50 | C65: ='Scheduled Intervals'!C33 -> 0 | D65: ='Scheduled Intervals'!D33 -> 0 | E65: ='Scheduled Intervals'!E33 -> 0 | F65: ='Scheduled Intervals'!F33 -> 50 | G65: ='Scheduled Intervals'!G33 -> 0 | H65: ='Scheduled Intervals'!H33 -> 50 | I65: ='Scheduled Intervals'!I33 -> 50 | ... AC65: ='Scheduled Intervals'!AC33 -> 0 | AE65: ='Scheduled Intervals'!AE33 -> 0 | AF65: ='Scheduled Intervals'!AF33 -> 1000 | AG65: ='Scheduled Intervals'!AG33 -> 250 | AH65: ='Scheduled Intervals'!AH33 -> 0 | AI65: ='Scheduled Intervals'!AI33 -> 500 | AJ65: ='Scheduled Intervals'!AJ33 -> 0 | AK65: ='Scheduled Intervals'!AK33 -> 0 | AL65: ='Scheduled Intervals'!AL33 -> 0 | ... BP65: ='Scheduled Intervals'!BP33 -> Annual
B66: ='Scheduled Intervals'!B34 -> 50 | C66: ='Scheduled Intervals'!C34 -> 0 | D66: ='Scheduled Intervals'!D34 -> 0 | E66: ='Scheduled Intervals'!E34 -> 0 | F66: ='Scheduled Intervals'!F34 -> 0 | G66: ='Scheduled Intervals'!G34 -> 0 | H66: ='Scheduled Intervals'!H34 -> 50 | I66: ='Scheduled Intervals'!I34 -> 50 | ... AC66: ='Scheduled Intervals'!AC34 -> 200 | AE66: ='Scheduled Intervals'!AE34 -> 400 | AF66: ='Scheduled Intervals'!AF34 -> 0 | AG66: ='Scheduled Intervals'!AG34 -> 400 | AH66: ='Scheduled Intervals'!AH34 -> 0 | AI66: ='Scheduled Intervals'!AI34 -> 0 | AJ66: ='Scheduled Intervals'!AJ34 -> 0 | AK66: ='Scheduled Intervals'!AK34 -> 0 | AL66: ='Scheduled Intervals'!AL34 -> 800 | ... BP66: ='Scheduled Intervals'!BP34 -> Annual

Sheet Total Cost Per Service)
B1: First Service | Q1: One Time | U1: Included Maintenance Interval
A2: Category | B2: ='Hours Per Job'!B2 -> Perform Oil and Filter Change | C2: ='Hours Per Job'!C2 -> Clean Water seperator | D2: ='Hours Per Job'!D2 -> Drain Water from Fuel Tank | E2: ='Hours Per Job'!E2 -> Perform Transmission Filter and Fluid Service | F2: ='Hours Per Job'!F2 -> Change HST Oil Filter | G2: ='Hours Per Job'!G2 -> Change Hydraulic Fluid | H2: ='Hours Per Job'!H2 -> Grease Machine at required lubrication fittings | I2: ='Hours Per Job'!I2 -> Conduct Multi Point Inpection and make minor adjustments | ... BP2: ='Hours Per Job'!BP2 -> Conduct Annual Multi Point Inpection and Make Minor Adjustments
B3: ='Hours Per Job'!B3 -> Parts and Labor | C3: ='Hours Per Job'!C3 -> Labor Only | D3: ='Hours Per Job'!D3 -> Labor Only | E3: ='Hours Per Job'!E3 -> Parts and Labor | F3: ='Hours Per Job'!F3 -> Parts and Labor | G3: ='Hours Per Job'!G3 -> Parts and Labor | H3: ='Hours Per Job'!H3 -> Parts and Labor | I3: ='Hours Per Job'!I3 -> Labor Only | ... BP3: ='Hours Per Job'!BP3 -> Labor Only
A4: ='Scheduled Intervals'!A4 -> RTV | B4: =ROUND(('Hours Per Job'!B4*$B$36),2)+ROUND(('Parts Cost Per Job'!B4)*((1+$B$37)*$B$38),2) -> 89.63 | C4: =ROUND(('Hours Per Job'!C4*$B$36),2)+ROUND(('Parts Cost Per Job'!C4)*((1+$B$37)*$B$38),2) -> 0 | D4: =ROUND(('Hours Per Job'!D4*$B$36),2)+ROUND(('Parts Cost Per Job'!D4)*((1+$B$37)*$B$38),2) -> 0 | E4: =ROUND(('Hours Per Job'!E4*$B$36),2)+ROUND(('Parts Cost Per Job'!E4)*((1+$B$37)*$B$38),2) -> 0 | F4: =ROUND(('Hours Per Job'!F4*$B$36),2)+ROUND(('Parts Cost Per Job'!F4)*((1+$B$37)*$B$38),2) -> 148.69 | G4: =ROUND(('Hours Per Job'!G4*$B$36),2)+ROUND(('Parts Cost Per Job'!G4)*((1+$B$37)*$B$38),2) -> 0 | H4: =ROUND(('Hours Per Job'!H4*$B$36),2)+ROUND(('Parts Cost Per Job'!H4)*((1+$B$37)*$B$38),2) -> 23.07 | I4: =ROUND(('Hours Per Job'!I4*$B$36),2)+ROUND(('Parts Cost Per Job'!I4)*((1+$B$37)*$B$38),2) -> 30 | ... BP4: =ROUND(('Hours Per Job'!BP4*$B$36),2)+ROUND(('Parts Cost Per Job'!BP4)*((1+$B$37)*$B$38),2) -> 126
A5: ='Scheduled Intervals'!A5 -> Zero Turn Gas | B5: =ROUND(('Hours Per Job'!B5*$B$36),2)+ROUND(('Parts Cost Per Job'!B5)*((1+$B$37)*$B$38),2) -> 64.03 | C5: =ROUND(('Hours Per Job'!C5*$B$36),2)+ROUND(('Parts Cost Per Job'!C5)*((1+$B$37)*$B$38),2) -> 0 | D5: =ROUND(('Hours Per Job'!D5*$B$36),2)+ROUND(('Parts Cost Per Job'!D5)*((1+$B$37)*$B$38),2) -> 0 | E5: =ROUND(('Hours Per Job'!E5*$B$36),2)+ROUND(('Parts Cost Per Job'!E5)*((1+$B$37)*$B$38),2) -> 0 | F5: =ROUND(('Hours Per Job'!F5*$B$36),2)+ROUND(('Parts Cost Per Job'!F5)*((1+$B$37)*$B$38),2) -> 0 | G5: =ROUND(('Hours Per Job'!G5*$B$36),2)+ROUND(('Parts Cost Per Job'!G5)*((1+$B$37)*$B$38),2) -> 0 | H5: =ROUND(('Hours Per Job'!H5*$B$36),2)+ROUND(('Parts Cost Per Job'!H5)*((1+$B$37)*$B$38),2) -> 35.07 | I5: =ROUND(('Hours Per Job'!I5*$B$36),2)+ROUND(('Parts Cost Per Job'!I5)*((1+$B$37)*$B$38),2) -> 30 | ... BP5: =ROUND(('Hours Per Job'!BP5*$B$36),2)+ROUND(('Parts Cost Per Job'!BP5)*((1+$B$37)*$B$38),2) -> 126
A6: ='Scheduled Intervals'!A6 -> Zero Turn Diesel | B6: =ROUND(('Hours Per Job'!B6*$B$36),2)+ROUND(('Parts Cost Per Job'!B6)*((1+$B$37)*$B$38),2) -> 80.92 | C6: =ROUND(('Hours Per Job'!C6*$B$36),2)+ROUND(('Parts Cost Per Job'!C6)*((1+$B$37)*$B$38),2) -> 0 | D6: =ROUND(('Hours Per Job'!D6*$B$36),2)+ROUND(('Parts Cost Per Job'!D6)*((1+$B$37)*$B$38),2) -> 0 | E6: =ROUND(('Hours Per Job'!E6*$B$36),2)+ROUND(('Parts Cost Per Job'!E6)*((1+$B$37)*$B$38),2) -> 0 | F6: =ROUND(('Hours Per Job'!F6*$B$36),2)+ROUND(('Parts Cost Per Job'!F6)*((1+$B$37)*$B$38),2) -> 75.07 | G6: =ROUND(('Hours Per Job'!G6*$B$36),2)+ROUND(('Parts Cost Per Job'!G6)*((1+$B$37)*$B$38),2) -> 0 | H6: =ROUND(('Hours Per Job'!H6*$B$36),2)+ROUND(('Parts Cost Per Job'!H6)*((1+$B$37)*$B$38),2) -> 35.07 | I6: =ROUND(('Hours Per Job'!I6*$B$36),2)+ROUND(('Parts Cost Per Job'!I6)*((1+$B$37)*$B$38),2) -> 30 | ... BP6: =ROUND(('Hours Per Job'!BP6*$B$36),2)+ROUND(('Parts Cost Per Job'!BP6)*((1+$B$37)*$B$38),2) -> 126
A7: ='Scheduled Intervals'!A7 -> Compact L series | B7: =ROUND(('Hours Per Job'!B7*$B$36),2)+ROUND(('Parts Cost Per Job'!B7)*((1+$B$37)*$B$38),2) -> 93.92 | C7: =ROUND(('Hours Per Job'!C7*$B$36),2)+ROUND(('Parts Cost Per Job'!C7)*((1+$B$37)*$B$38),2) -> 0 | D7: =ROUND(('Hours Per Job'!D7*$B$36),2)+ROUND(('Parts Cost Per Job'!D7)*((1+$B$37)*$B$38),2) -> 0 | E7: =ROUND(('Hours Per Job'!E7*$B$36),2)+ROUND(('Parts Cost Per Job'!E7)*((1+$B$37)*$B$38),2) -> 0 | F7: =ROUND(('Hours Per Job'!F7*$B$36),2)+ROUND(('Parts Cost Per Job'!F7)*((1+$B$37)*$B$38),2) -> 87.07 | G7: =ROUND(('Hours Per Job'!G7*$B$36),2)+ROUND(('Parts Cost Per Job'!G7)*((1+$B$37)*$B$38),2) -> 0 | H7: =ROUND(('Hours Per Job'!H7*$B$36),2)+ROUND(('Parts Cost Per Job'!H7)*((1+$B$37)*$B$38),2) -> 35.07 | I7: =ROUND(('Hours Per Job'!I7*$B$36),2)+ROUND(('Parts Cost Per Job'!I7)*((1+$B$37)*$B$38),2) -> 30 | ... BP7: =ROUND(('Hours Per Job'!BP7*$B$36),2)+ROUND(('Parts Cost Per Job'!BP7)*((1+$B$37)*$B$38),2) -> 126
A8: ='Scheduled Intervals'!A8 -> Utility under 75 MX&M | B8: =ROUND(('Hours Per Job'!B8*$B$36),2)+ROUND(('Parts Cost Per Job'!B8)*((1+$B$37)*$B$38),2) -> 106.01 | C8: =ROUND(('Hours Per Job'!C8*$B$36),2)+ROUND(('Parts Cost Per Job'!C8)*((1+$B$37)*$B$38),2) -> 0 | D8: =ROUND(('Hours Per Job'!D8*$B$36),2)+ROUND(('Parts Cost Per Job'!D8)*((1+$B$37)*$B$38),2) -> 0 | E8: =ROUND(('Hours Per Job'!E8*$B$36),2)+ROUND(('Parts Cost Per Job'!E8)*((1+$B$37)*$B$38),2) -> 0 | F8: =ROUND(('Hours Per Job'!F8*$B$36),2)+ROUND(('Parts Cost Per Job'!F8)*((1+$B$37)*$B$38),2) -> 161.44 | G8: =ROUND(('Hours Per Job'!G8*$B$36),2)+ROUND(('Parts Cost Per Job'!G8)*((1+$B$37)*$B$38),2) -> 0 | H8: =ROUND(('Hours Per Job'!H8*$B$36),2)+ROUND(('Parts Cost Per Job'!H8)*((1+$B$37)*$B$38),2) -> 35.07 | I8: =ROUND(('Hours Per Job'!I8*$B$36),2)+ROUND(('Parts Cost Per Job'!I8)*((1+$B$37)*$B$38),2) -> 30 | ... BP8: =ROUND(('Hours Per Job'!BP8*$B$36),2)+ROUND(('Parts Cost Per Job'!BP8)*((1+$B$37)*$B$38),2) -> 126
A9: ='Scheduled Intervals'!A9 -> Utility over 75 M4 class | B9: =ROUND(('Hours Per Job'!B9*$B$36),2)+ROUND(('Parts Cost Per Job'!B9)*((1+$B$37)*$B$38),2) -> 143.66 | C9: =ROUND(('Hours Per Job'!C9*$B$36),2)+ROUND(('Parts Cost Per Job'!C9)*((1+$B$37)*$B$38),2) -> 0 | D9: =ROUND(('Hours Per Job'!D9*$B$36),2)+ROUND(('Parts Cost Per Job'!D9)*((1+$B$37)*$B$38),2) -> 0 | E9: =ROUND(('Hours Per Job'!E9*$B$36),2)+ROUND(('Parts Cost Per Job'!E9)*((1+$B$37)*$B$38),2) -> 0 | F9: =ROUND(('Hours Per Job'!F9*$B$36),2)+ROUND(('Parts Cost Per Job'!F9)*((1+$B$37)*$B$38),2) -> 0 | G9: =ROUND(('Hours Per Job'!G9*$B$36),2)+ROUND(('Parts Cost Per Job'!G9)*((1+$B$37)*$B$38),2) -> 0 | H9: =ROUND(('Hours Per Job'!H9*$B$36),2)+ROUND(('Parts Cost Per Job'!H9)*((1+$B$37)*$B$38),2) -> 35.07 | I9: =ROUND(('Hours Per Job'!I9*$B$36),2)+ROUND(('Parts Cost Per Job'!I9)*((1+$B$37)*$B$38),2) -> 30 | ... BP9: =ROUND(('Hours Per Job'!BP9*$B$36),2)+ROUND(('Parts Cost Per Job'!BP9)*((1+$B$37)*$B$38),2) -> 126
A10: ='Scheduled Intervals'!A10 -> Large Ag M6 | B10: =ROUND(('Hours Per Job'!B10*$B$36),2)+ROUND(('Parts Cost Per Job'!B10)*((1+$B$37)*$B$38),2) -> 238.46 | C10: =ROUND(('Hours Per Job'!C10*$B$36),2)+ROUND(('Parts Cost Per Job'!C10)*((1+$B$37)*$B$38),2) -> 48 | D10: =ROUND(('Hours Per Job'!D10*$B$36),2)+ROUND(('Parts Cost Per Job'!D10)*((1+$B$37)*$B$38),2) -> 0 | E10: =ROUND(('Hours Per Job'!E10*$B$36),2)+ROUND(('Parts Cost Per Job'!E10)*((1+$B$37)*$B$38),2) -> 0 | F10: =ROUND(('Hours Per Job'!F10*$B$36),2)+ROUND(('Parts Cost Per Job'!F10)*((1+$B$37)*$B$38),2) -> 160.49 | G10: =ROUND(('Hours Per Job'!G10*$B$36),2)+ROUND(('Parts Cost Per Job'!G10)*((1+$B$37)*$B$38),2) -> 0 | H10: =ROUND(('Hours Per Job'!H10*$B$36),2)+ROUND(('Parts Cost Per Job'!H10)*((1+$B$37)*$B$38),2) -> 71.07 | I10: =ROUND(('Hours Per Job'!I10*$B$36),2)+ROUND(('Parts Cost Per Job'!I10)*((1+$B$37)*$B$38),2) -> 30 | ... BP10: =ROUND(('Hours Per Job'!BP10*$B$36),2)+ROUND(('Parts Cost Per Job'!BP10)*((1+$B$37)*$B$38),2) -> 126
A11: ='Scheduled Intervals'!A11 -> Skid Steer | B11: =ROUND(('Hours Per Job'!B11*$B$36),2)+ROUND(('Parts Cost Per Job'!B11)*((1+$B$37)*$B$38),2) -> 182.54 | C11: =ROUND(('Hours Per Job'!C11*$B$36),2)+ROUND(('Parts Cost Per Job'!C11)*((1+$B$37)*$B$38),2) -> 0 | D11: =ROUND(('Hours Per Job'!D11*$B$36),2)+ROUND(('Parts Cost Per Job'!D11)*((1+$B$37)*$B$38),2) -> 36 | E11: =ROUND(('Hours Per Job'!E11*$B$36),2)+ROUND(('Parts Cost Per Job'!E11)*((1+$B$37)*$B$38),2) -> 0 | F11: =ROUND(('Hours Per Job'!F11*$B$36),2)+ROUND(('Parts Cost Per Job'!F11)*((1+$B$37)*$B$38),2) -> 137.44 | G11: =ROUND(('Hours Per Job'!G11*$B$36),2)+ROUND(('Parts Cost Per Job'!G11)*((1+$B$37)*$B$38),2) -> 0 | H11: =ROUND(('Hours Per Job'!H11*$B$36),2)+ROUND(('Parts Cost Per Job'!H11)*((1+$B$37)*$B$38),2) -> 71.07 | I11: =ROUND(('Hours Per Job'!I11*$B$36),2)+ROUND(('Parts Cost Per Job'!I11)*((1+$B$37)*$B$38),2) -> 30 | ... BP11: =ROUND(('Hours Per Job'!BP11*$B$36),2)+ROUND(('Parts Cost Per Job'!BP11)*((1+$B$37)*$B$38),2) -> 126
A12: ='Scheduled Intervals'!A12 -> Excavator - under 3.5 ton | B12: =ROUND(('Hours Per Job'!B12*$B$36),2)+ROUND(('Parts Cost Per Job'!B12)*((1+$B$37)*$B$38),2) -> 166.18 | C12: =ROUND(('Hours Per Job'!C12*$B$36),2)+ROUND(('Parts Cost Per Job'!C12)*((1+$B$37)*$B$38),2) -> 36 | D12: =ROUND(('Hours Per Job'!D12*$B$36),2)+ROUND(('Parts Cost Per Job'!D12)*((1+$B$37)*$B$38),2) -> 12 | E12: =ROUND(('Hours Per Job'!E12*$B$36),2)+ROUND(('Parts Cost Per Job'!E12)*((1+$B$37)*$B$38),2) -> 0 | F12: =ROUND(('Hours Per Job'!F12*$B$36),2)+ROUND(('Parts Cost Per Job'!F12)*((1+$B$37)*$B$38),2) -> 0 | G12: =ROUND(('Hours Per Job'!G12*$B$36),2)+ROUND(('Parts Cost Per Job'!G12)*((1+$B$37)*$B$38),2) -> 0 | H12: =ROUND(('Hours Per Job'!H12*$B$36),2)+ROUND(('Parts Cost Per Job'!H12)*((1+$B$37)*$B$38),2) -> 71.07 | I12: =ROUND(('Hours Per Job'!I12*$B$36),2)+ROUND(('Parts Cost Per Job'!I12)*((1+$B$37)*$B$38),2) -> 30 | ... BP12: =ROUND(('Hours Per Job'!BP12*$B$36),2)+ROUND(('Parts Cost Per Job'!BP12)*((1+$B$37)*$B$38),2) -> 126
A13: ='Scheduled Intervals'!A13 -> Excavator - over 3.5 ton | B13: =ROUND(('Hours Per Job'!B13*$B$36),2)+ROUND(('Parts Cost Per Job'!B13)*((1+$B$37)*$B$38),2) -> 202.18 | C13: =ROUND(('Hours Per Job'!C13*$B$36),2)+ROUND(('Parts Cost Per Job'!C13)*((1+$B$37)*$B$38),2) -> 36 | D13: =ROUND(('Hours Per Job'!D13*$B$36),2)+ROUND(('Parts Cost Per Job'!D13)*((1+$B$37)*$B$38),2) -> 12 | E13: =ROUND(('Hours Per Job'!E13*$B$36),2)+ROUND(('Parts Cost Per Job'!E13)*((1+$B$37)*$B$38),2) -> 0 | F13: =ROUND(('Hours Per Job'!F13*$B$36),2)+ROUND(('Parts Cost Per Job'!F13)*((1+$B$37)*$B$38),2) -> 0 | G13: =ROUND(('Hours Per Job'!G13*$B$36),2)+ROUND(('Parts Cost Per Job'!G13)*((1+$B$37)*$B$38),2) -> 0 | H13: =ROUND(('Hours Per Job'!H13*$B$36),2)+ROUND(('Parts Cost Per Job'!H13)*((1+$B$37)*$B$38),2) -> 71.07 | I13: =ROUND(('Hours Per Job'!I13*$B$36),2)+ROUND(('Parts Cost Per Job'!I13)*((1+$B$37)*$B$38),2) -> 30 | ... BP13: =ROUND(('Hours Per Job'!BP13*$B$36),2)+ROUND(('Parts Cost Per Job'!BP13)*((1+$B$37)*$B$38),2) -> 126
A14: ='Scheduled Intervals'!A14 -> Wheel Loader | B14: =ROUND(('Hours Per Job'!B14*$B$36),2)+ROUND(('Parts Cost Per Job'!B14)*((1+$B$37)*$B$38),2) -> 200.52 | C14: =ROUND(('Hours Per Job'!C14*$B$36),2)+ROUND(('Parts Cost Per Job'!C14)*((1+$B$37)*$B$38),2) -> 36 | D14: =ROUND(('Hours Per Job'!D14*$B$36),2)+ROUND(('Parts Cost Per Job'!D14)*((1+$B$37)*$B$38),2) -> 12 | E14: =ROUND(('Hours Per Job'!E14*$B$36),2)+ROUND(('Parts Cost Per Job'!E14)*((1+$B$37)*$B$38),2) -> 0 | F14: =ROUND(('Hours Per Job'!F14*$B$36),2)+ROUND(('Parts Cost Per Job'!F14)*((1+$B$37)*$B$38),2) -> 0 | G14: =ROUND(('Hours Per Job'!G14*$B$36),2)+ROUND(('Parts Cost Per Job'!G14)*((1+$B$37)*$B$38),2) -> 0 | H14: =ROUND(('Hours Per Job'!H14*$B$36),2)+ROUND(('Parts Cost Per Job'!H14)*((1+$B$37)*$B$38),2) -> 59.07 | I14: =ROUND(('Hours Per Job'!I14*$B$36),2)+ROUND(('Parts Cost Per Job'!I14)*((1+$B$37)*$B$38),2) -> 30 | ... BP14: =ROUND(('Hours Per Job'!BP14*$B$36),2)+ROUND(('Parts Cost Per Job'!BP14)*((1+$B$37)*$B$38),2) -> 126
A15: ='Scheduled Intervals'!A15 -> Telehandler | B15: =ROUND(('Hours Per Job'!B15*$B$36),2)+ROUND(('Parts Cost Per Job'!B15)*((1+$B$37)*$B$38),2) -> 279.43 | C15: =ROUND(('Hours Per Job'!C15*$B$36),2)+ROUND(('Parts Cost Per Job'!C15)*((1+$B$37)*$B$38),2) -> 36 | D15: =ROUND(('Hours Per Job'!D15*$B$36),2)+ROUND(('Parts Cost Per Job'!D15)*((1+$B$37)*$B$38),2) -> 12 | E15: =ROUND(('Hours Per Job'!E15*$B$36),2)+ROUND(('Parts Cost Per Job'!E15)*((1+$B$37)*$B$38),2) -> 0 | F15: =ROUND(('Hours Per Job'!F15*$B$36),2)+ROUND(('Parts Cost Per Job'!F15)*((1+$B$37)*$B$38),2) -> 0 | G15: =ROUND(('Hours Per Job'!G15*$B$36),2)+ROUND(('Parts Cost Per Job'!G15)*((1+$B$37)*$B$38),2) -> 0 | H15: =ROUND(('Hours Per Job'!H15*$B$36),2)+ROUND(('Parts Cost Per Job'!H15)*((1+$B$37)*$B$38),2) -> 59.07 | I15: =ROUND(('Hours Per Job'!I15*$B$36),2)+ROUND(('Parts Cost Per Job'!I15)*((1+$B$37)*$B$38),2) -> 30 | ... BP15: =ROUND(('Hours Per Job'!BP15*$B$36),2)+ROUND(('Parts Cost Per Job'!BP15)*((1+$B$37)*$B$38),2) -> 126
... A31: ='Scheduled Intervals'!A31 -> SCL - DIESEL | B31: =ROUND(('Hours Per Job'!B31*$B$36),2)+ROUND(('Parts Cost Per Job'!B31)*((1+$B$37)*$B$38),2) -> 80.92 | C31: =ROUND(('Hours Per Job'!C31*$B$36),2)+ROUND(('Parts Cost Per Job'!C31)*((1+$B$37)*$B$38),2) -> 0 | D31: =ROUND(('Hours Per Job'!D31*$B$36),2)+ROUND(('Parts Cost Per Job'!D31)*((1+$B$37)*$B$38),2) -> 0 | E31: =ROUND(('Hours Per Job'!E31*$B$36),2)+ROUND(('Parts Cost Per Job'!E31)*((1+$B$37)*$B$38),2) -> 0 | F31: =ROUND(('Hours Per Job'!F31*$B$36),2)+ROUND(('Parts Cost Per Job'!F31)*((1+$B$37)*$B$38),2) -> 75.07 | G31: =ROUND(('Hours Per Job'!G31*$B$36),2)+ROUND(('Parts Cost Per Job'!G31)*((1+$B$37)*$B$38),2) -> 0 | H31: =ROUND(('Hours Per Job'!H31*$B$36),2)+ROUND(('Parts Cost Per Job'!H31)*((1+$B$37)*$B$38),2) -> 35.07 | I31: =ROUND(('Hours Per Job'!I31*$B$36),2)+ROUND(('Parts Cost Per Job'!I31)*((1+$B$37)*$B$38),2) -> 30 | ... BP31: =ROUND(('Hours Per Job'!BP31*$B$36),2)+ROUND(('Parts Cost Per Job'!BP31)*((1+$B$37)*$B$38),2) -> 126
A32: =+'Scheduled Intervals'!A32 -> SCL - Gas | B32: =ROUND(('Hours Per Job'!B32*$B$36),2)+ROUND(('Parts Cost Per Job'!B32)*((1+$B$37)*$B$38),2) -> 64.03 | C32: =ROUND(('Hours Per Job'!C32*$B$36),2)+ROUND(('Parts Cost Per Job'!C32)*((1+$B$37)*$B$38),2) -> 0 | D32: =ROUND(('Hours Per Job'!D32*$B$36),2)+ROUND(('Parts Cost Per Job'!D32)*((1+$B$37)*$B$38),2) -> 0 | E32: =ROUND(('Hours Per Job'!E32*$B$36),2)+ROUND(('Parts Cost Per Job'!E32)*((1+$B$37)*$B$38),2) -> 0 | F32: =ROUND(('Hours Per Job'!F32*$B$36),2)+ROUND(('Parts Cost Per Job'!F32)*((1+$B$37)*$B$38),2) -> 0 | G32: =ROUND(('Hours Per Job'!G32*$B$36),2)+ROUND(('Parts Cost Per Job'!G32)*((1+$B$37)*$B$38),2) -> 0 | H32: =ROUND(('Hours Per Job'!H32*$B$36),2)+ROUND(('Parts Cost Per Job'!H32)*((1+$B$37)*$B$38),2) -> 35.07 | I32: =ROUND(('Hours Per Job'!I32*$B$36),2)+ROUND(('Parts Cost Per Job'!I32)*((1+$B$37)*$B$38),2) -> 30 | ... BP32: =ROUND(('Hours Per Job'!BP32*$B$36),2)+ROUND(('Parts Cost Per Job'!BP32)*((1+$B$37)*$B$38),2) -> 126
A33: ='Scheduled Intervals'!A33 -> Mini Excavator | B33: =ROUND(('Hours Per Job'!B33*$B$36),2)+ROUND(('Parts Cost Per Job'!B33)*((1+$B$37)*$B$38),2) -> 84.72 | C33: =ROUND(('Hours Per Job'!C33*$B$36),2)+ROUND(('Parts Cost Per Job'!C33)*((1+$B$37)*$B$38),2) -> 0 | D33: =ROUND(('Hours Per Job'!D33*$B$36),2)+ROUND(('Parts Cost Per Job'!D33)*((1+$B$37)*$B$38),2) -> 0 | E33: =ROUND(('Hours Per Job'!E33*$B$36),2)+ROUND(('Parts Cost Per Job'!E33)*((1+$B$37)*$B$38),2) -> 0 | F33: =ROUND(('Hours Per Job'!F33*$B$36),2)+ROUND(('Parts Cost Per Job'!F33)*((1+$B$37)*$B$38),2) -> 110.31 | G33: =ROUND(('Hours Per Job'!G33*$B$36),2)+ROUND(('Parts Cost Per Job'!G33)*((1+$B$37)*$B$38),2) -> 0 | H33: =ROUND(('Hours Per Job'!H33*$B$36),2)+ROUND(('Parts Cost Per Job'!H33)*((1+$B$37)*$B$38),2) -> 35.07 | I33: =ROUND(('Hours Per Job'!I33*$B$36),2)+ROUND(('Parts Cost Per Job'!I33)*((1+$B$37)*$B$38),2) -> 30 | ... BP33: =ROUND(('Hours Per Job'!BP33*$B$36),2)+ROUND(('Parts Cost Per Job'!BP33)*((1+$B$37)*$B$38),2) -> 126
A34: ='Scheduled Intervals'!A34 -> Sub Compact BX | B34: =ROUND(('Hours Per Job'!B34*$B$36),2)+ROUND(('Parts Cost Per Job'!B34)*((1+$B$37)*$B$38),2) -> 114.93 | C34: =ROUND(('Hours Per Job'!C34*$B$36),2)+ROUND(('Parts Cost Per Job'!C34)*((1+$B$37)*$B$38),2) -> 0 | D34: =ROUND(('Hours Per Job'!D34*$B$36),2)+ROUND(('Parts Cost Per Job'!D34)*((1+$B$37)*$B$38),2) -> 0 | E34: =ROUND(('Hours Per Job'!E34*$B$36),2)+ROUND(('Parts Cost Per Job'!E34)*((1+$B$37)*$B$38),2) -> 0 | F34: =ROUND(('Hours Per Job'!F34*$B$36),2)+ROUND(('Parts Cost Per Job'!F34)*((1+$B$37)*$B$38),2) -> 0 | G34: =ROUND(('Hours Per Job'!G34*$B$36),2)+ROUND(('Parts Cost Per Job'!G34)*((1+$B$37)*$B$38),2) -> 0 | H34: =ROUND(('Hours Per Job'!H34*$B$36),2)+ROUND(('Parts Cost Per Job'!H34)*((1+$B$37)*$B$38),2) -> 35.07 | I34: =ROUND(('Hours Per Job'!I34*$B$36),2)+ROUND(('Parts Cost Per Job'!I34)*((1+$B$37)*$B$38),2) -> 30 | ... BP34: =ROUND(('Hours Per Job'!BP34*$B$36),2)+ROUND(('Parts Cost Per Job'!BP34)*((1+$B$37)*$B$38),2) -> 126
A36: Hourly Rate | B36: =+'Plan Summary'!I9 -> 120
A37: Parts Mark up | B37: =+'Plan Set Up'!E3 -> 0.4
A38: Parts Escalation | B38: =+'Plan Set Up'!E4 -> 1.04
AL53: IF('Scheduled Intervals'!B33<>"",IF($A$2='Scheduled Intervals'!B33,"Yes",""),"")

Sheet Included @ Interval
B1: FIRST SERVICES | Q1: ONE TIME SERVICE | U1: Included Maintenance Interval
A2: ='Interval Summary'!C5 -> 500 | B2: =+'Scheduled Intervals'!B2 -> Perform Oil and Filter Change | C2: =+'Scheduled Intervals'!C2 -> Clean Water seperator | D2: =+'Scheduled Intervals'!D2 -> Drain Water from Fuel Tank | E2: =+'Scheduled Intervals'!E2 -> Perform Transmission Filter and Fluid Service | F2: =+'Scheduled Intervals'!F2 -> Change HST Oil Filter | G2: =+'Scheduled Intervals'!G2 -> Change Hydraulic Fluid | H2: =+'Scheduled Intervals'!H2 -> Grease Machine at required lubrication fittings | I2: =+'Scheduled Intervals'!I2 -> Conduct Multi Point Inpection and make minor adjustments | ... BP2: =+'Scheduled Intervals'!BP2 -> Conduct Annual Multi Point Inpection and Make Minor Adjustments
A3: Job Description | B3: =+'Scheduled Intervals'!B3 -> Parts and Labor | C3: =+'Scheduled Intervals'!C3 -> Labor Only | D3: =+'Scheduled Intervals'!D3 -> Labor Only | E3: =+'Scheduled Intervals'!E3 -> Parts and Labor | F3: =+'Scheduled Intervals'!F3 -> Parts and Labor | G3: =+'Scheduled Intervals'!G3 -> Parts and Labor | H3: =+'Scheduled Intervals'!H3 -> Parts and Labor | I3: =+'Scheduled Intervals'!I3 -> Labor Only | ... BP3: =+'Scheduled Intervals'!BP3 -> Labor Only
A4: =+'Scheduled Intervals'!A4 -> RTV | B4: =IF('Scheduled Intervals'!B4<>"",IF($A$2='Scheduled Intervals'!B4,"Yes",""),"") | C4: =IF('Scheduled Intervals'!C4<>"",IF($A$2='Scheduled Intervals'!C4,"Yes",""),"") | D4: =IF('Scheduled Intervals'!D4<>"",IF($A$2='Scheduled Intervals'!D4,"Yes",""),"") | E4: =IF('Scheduled Intervals'!E4<>"",IF($A$2='Scheduled Intervals'!E4,"Yes",""),"") | F4: =IF('Scheduled Intervals'!F4<>"",IF($A$2='Scheduled Intervals'!F4,"Yes",""),"") | G4: =IF('Scheduled Intervals'!G4<>"",IF($A$2='Scheduled Intervals'!G4,"Yes",""),"") | H4: =IF('Scheduled Intervals'!H4<>"",IF($A$2='Scheduled Intervals'!H4,"Yes",""),"") | I4: =IF('Scheduled Intervals'!I4<>"",IF($A$2='Scheduled Intervals'!I4,"Yes",""),"") | ... T4: =IF('Scheduled Intervals'!T4<>"",IF($A$2='Scheduled Intervals'!T4,"Yes",""),"") | U4: =IF($A$2="Annual","",IF('Scheduled Intervals'!U4<>"",IF($A$2/'Scheduled Intervals'!U4=ROUND($A$2/'Scheduled Intervals'!U4,0),"Yes",""),"")) | V4: =IF($A$2="Annual","",IF('Scheduled Intervals'!V4<>"",IF($A$2/'Scheduled Intervals'!V4=ROUND($A$2/'Scheduled Intervals'!V4,0),"Yes",""),"")) | W4: =IF($A$2="Annual","",IF('Scheduled Intervals'!W4<>"",IF($A$2/'Scheduled Intervals'!W4=ROUND($A$2/'Scheduled Intervals'!W4,0),"Yes",""),"")) | X4: =IF($A$2="Annual","",IF('Scheduled Intervals'!X4<>"",IF($A$2/'Scheduled Intervals'!X4=ROUND($A$2/'Scheduled Intervals'!X4,0),"Yes",""),"")) | Y4: =IF($A$2="Annual","",IF('Scheduled Intervals'!Y4<>"",IF($A$2/'Scheduled Intervals'!Y4=ROUND($A$2/'Scheduled Intervals'!Y4,0),"Yes",""),"")) | Z4: =IF($A$2="Annual","",IF('Scheduled Intervals'!Z4<>"",IF($A$2/'Scheduled Intervals'!Z4=ROUND($A$2/'Scheduled Intervals'!Z4,0),"Yes",""),"")) | AA4: =IF($A$2="Annual","",IF('Scheduled Intervals'!AA4<>"",IF($A$2/'Scheduled Intervals'!AA4=ROUND($A$2/'Scheduled Intervals'!AA4,0),"Yes",""),"")) | AB4: =IF($A$2="Annual","",IF('Scheduled Intervals'!AB4<>"",IF($A$2/'Scheduled Intervals'!AB4=ROUND($A$2/'Scheduled Intervals'!AB4,0),"Yes",""),"")) | ... BM4: =IF($A$2="Annual","",IF('Scheduled Intervals'!BM4<>"",IF($A$2/'Scheduled Intervals'!BM4=ROUND($A$2/'Scheduled Intervals'!BM4,0),"Yes",""),"")) | BN4: =IF(AND($A$2="annual",'Scheduled Intervals'!BN4<>""),"yes","") | BO4: =IF(AND($A$2="annual",'Scheduled Intervals'!BO4<>""),"yes","") | BP4: =IF(AND($A$2="annual",'Scheduled Intervals'!BP4<>""),"yes","")
A5: =+'Scheduled Intervals'!A5 -> Zero Turn Gas | B5: =IF('Scheduled Intervals'!B5<>"",IF($A$2='Scheduled Intervals'!B5,"Yes",""),"") | C5: =IF('Scheduled Intervals'!C5<>"",IF($A$2='Scheduled Intervals'!C5,"Yes",""),"") | D5: =IF('Scheduled Intervals'!D5<>"",IF($A$2='Scheduled Intervals'!D5,"Yes",""),"") | E5: =IF('Scheduled Intervals'!E5<>"",IF($A$2='Scheduled Intervals'!E5,"Yes",""),"") | F5: =IF('Scheduled Intervals'!F5<>"",IF($A$2='Scheduled Intervals'!F5,"Yes",""),"") | G5: =IF('Scheduled Intervals'!G5<>"",IF($A$2='Scheduled Intervals'!G5,"Yes",""),"") | H5: =IF('Scheduled Intervals'!H5<>"",IF($A$2='Scheduled Intervals'!H5,"Yes",""),"") | I5: =IF('Scheduled Intervals'!I5<>"",IF($A$2='Scheduled Intervals'!I5,"Yes",""),"") | ... T5: =IF('Scheduled Intervals'!T5<>"",IF($A$2='Scheduled Intervals'!T5,"Yes",""),"") | U5: =IF($A$2="Annual","",IF('Scheduled Intervals'!U5<>"",IF($A$2/'Scheduled Intervals'!U5=ROUND($A$2/'Scheduled Intervals'!U5,0),"Yes",""),"")) -> Yes | V5: =IF($A$2="Annual","",IF('Scheduled Intervals'!V5<>"",IF($A$2/'Scheduled Intervals'!V5=ROUND($A$2/'Scheduled Intervals'!V5,0),"Yes",""),"")) | W5: =IF($A$2="Annual","",IF('Scheduled Intervals'!W5<>"",IF($A$2/'Scheduled Intervals'!W5=ROUND($A$2/'Scheduled Intervals'!W5,0),"Yes",""),"")) | X5: =IF($A$2="Annual","",IF('Scheduled Intervals'!X5<>"",IF($A$2/'Scheduled Intervals'!X5=ROUND($A$2/'Scheduled Intervals'!X5,0),"Yes",""),"")) | Y5: =IF($A$2="Annual","",IF('Scheduled Intervals'!Y5<>"",IF($A$2/'Scheduled Intervals'!Y5=ROUND($A$2/'Scheduled Intervals'!Y5,0),"Yes",""),"")) | Z5: =IF($A$2="Annual","",IF('Scheduled Intervals'!Z5<>"",IF($A$2/'Scheduled Intervals'!Z5=ROUND($A$2/'Scheduled Intervals'!Z5,0),"Yes",""),"")) -> Yes | AA5: =IF($A$2="Annual","",IF('Scheduled Intervals'!AA5<>"",IF($A$2/'Scheduled Intervals'!AA5=ROUND($A$2/'Scheduled Intervals'!AA5,0),"Yes",""),"")) | AB5: =IF($A$2="Annual","",IF('Scheduled Intervals'!AB5<>"",IF($A$2/'Scheduled Intervals'!AB5=ROUND($A$2/'Scheduled Intervals'!AB5,0),"Yes",""),"")) | ... BM5: =IF($A$2="Annual","",IF('Scheduled Intervals'!BM5<>"",IF($A$2/'Scheduled Intervals'!BM5=ROUND($A$2/'Scheduled Intervals'!BM5,0),"Yes",""),"")) | BN5: =IF(AND($A$2="annual",'Scheduled Intervals'!BN5<>""),"yes","") | BO5: =IF(AND($A$2="annual",'Scheduled Intervals'!BO5<>""),"yes","") | BP5: =IF(AND($A$2="annual",'Scheduled Intervals'!BP5<>""),"yes","")
A6: =+'Scheduled Intervals'!A6 -> Zero Turn Diesel | B6: =IF('Scheduled Intervals'!B6<>"",IF($A$2='Scheduled Intervals'!B6,"Yes",""),"") | C6: =IF('Scheduled Intervals'!C6<>"",IF($A$2='Scheduled Intervals'!C6,"Yes",""),"") | D6: =IF('Scheduled Intervals'!D6<>"",IF($A$2='Scheduled Intervals'!D6,"Yes",""),"") | E6: =IF('Scheduled Intervals'!E6<>"",IF($A$2='Scheduled Intervals'!E6,"Yes",""),"") | F6: =IF('Scheduled Intervals'!F6<>"",IF($A$2='Scheduled Intervals'!F6,"Yes",""),"") | G6: =IF('Scheduled Intervals'!G6<>"",IF($A$2='Scheduled Intervals'!G6,"Yes",""),"") | H6: =IF('Scheduled Intervals'!H6<>"",IF($A$2='Scheduled Intervals'!H6,"Yes",""),"") | I6: =IF('Scheduled Intervals'!I6<>"",IF($A$2='Scheduled Intervals'!I6,"Yes",""),"") | ... T6: =IF('Scheduled Intervals'!T6<>"",IF($A$2='Scheduled Intervals'!T6,"Yes",""),"") | U6: =IF($A$2="Annual","",IF('Scheduled Intervals'!U6<>"",IF($A$2/'Scheduled Intervals'!U6=ROUND($A$2/'Scheduled Intervals'!U6,0),"Yes",""),"")) | V6: =IF($A$2="Annual","",IF('Scheduled Intervals'!V6<>"",IF($A$2/'Scheduled Intervals'!V6=ROUND($A$2/'Scheduled Intervals'!V6,0),"Yes",""),"")) | W6: =IF($A$2="Annual","",IF('Scheduled Intervals'!W6<>"",IF($A$2/'Scheduled Intervals'!W6=ROUND($A$2/'Scheduled Intervals'!W6,0),"Yes",""),"")) | X6: =IF($A$2="Annual","",IF('Scheduled Intervals'!X6<>"",IF($A$2/'Scheduled Intervals'!X6=ROUND($A$2/'Scheduled Intervals'!X6,0),"Yes",""),"")) | Y6: =IF($A$2="Annual","",IF('Scheduled Intervals'!Y6<>"",IF($A$2/'Scheduled Intervals'!Y6=ROUND($A$2/'Scheduled Intervals'!Y6,0),"Yes",""),"")) | Z6: =IF($A$2="Annual","",IF('Scheduled Intervals'!Z6<>"",IF($A$2/'Scheduled Intervals'!Z6=ROUND($A$2/'Scheduled Intervals'!Z6,0),"Yes",""),"")) | AA6: =IF($A$2="Annual","",IF('Scheduled Intervals'!AA6<>"",IF($A$2/'Scheduled Intervals'!AA6=ROUND($A$2/'Scheduled Intervals'!AA6,0),"Yes",""),"")) | AB6: =IF($A$2="Annual","",IF('Scheduled Intervals'!AB6<>"",IF($A$2/'Scheduled Intervals'!AB6=ROUND($A$2/'Scheduled Intervals'!AB6,0),"Yes",""),"")) | ... BM6: =IF($A$2="Annual","",IF('Scheduled Intervals'!BM6<>"",IF($A$2/'Scheduled Intervals'!BM6=ROUND($A$2/'Scheduled Intervals'!BM6,0),"Yes",""),"")) | BN6: =IF(AND($A$2="annual",'Scheduled Intervals'!BN6<>""),"yes","") | BO6: =IF(AND($A$2="annual",'Scheduled Intervals'!BO6<>""),"yes","") | BP6: =IF(AND($A$2="annual",'Scheduled Intervals'!BP6<>""),"yes","")
A7: =+'Scheduled Intervals'!A7 -> Compact L series | B7: =IF('Scheduled Intervals'!B7<>"",IF($A$2='Scheduled Intervals'!B7,"Yes",""),"") | C7: =IF('Scheduled Intervals'!C7<>"",IF($A$2='Scheduled Intervals'!C7,"Yes",""),"") | D7: =IF('Scheduled Intervals'!D7<>"",IF($A$2='Scheduled Intervals'!D7,"Yes",""),"") | E7: =IF('Scheduled Intervals'!E7<>"",IF($A$2='Scheduled Intervals'!E7,"Yes",""),"") | F7: =IF('Scheduled Intervals'!F7<>"",IF($A$2='Scheduled Intervals'!F7,"Yes",""),"") | G7: =IF('Scheduled Intervals'!G7<>"",IF($A$2='Scheduled Intervals'!G7,"Yes",""),"") | H7: =IF('Scheduled Intervals'!H7<>"",IF($A$2='Scheduled Intervals'!H7,"Yes",""),"") | I7: =IF('Scheduled Intervals'!I7<>"",IF($A$2='Scheduled Intervals'!I7,"Yes",""),"") | ... T7: =IF('Scheduled Intervals'!T7<>"",IF($A$2='Scheduled Intervals'!T7,"Yes",""),"") | U7: =IF($A$2="Annual","",IF('Scheduled Intervals'!U7<>"",IF($A$2/'Scheduled Intervals'!U7=ROUND($A$2/'Scheduled Intervals'!U7,0),"Yes",""),"")) | V7: =IF($A$2="Annual","",IF('Scheduled Intervals'!V7<>"",IF($A$2/'Scheduled Intervals'!V7=ROUND($A$2/'Scheduled Intervals'!V7,0),"Yes",""),"")) | W7: =IF($A$2="Annual","",IF('Scheduled Intervals'!W7<>"",IF($A$2/'Scheduled Intervals'!W7=ROUND($A$2/'Scheduled Intervals'!W7,0),"Yes",""),"")) | X7: =IF($A$2="Annual","",IF('Scheduled Intervals'!X7<>"",IF($A$2/'Scheduled Intervals'!X7=ROUND($A$2/'Scheduled Intervals'!X7,0),"Yes",""),"")) | Y7: =IF($A$2="Annual","",IF('Scheduled Intervals'!Y7<>"",IF($A$2/'Scheduled Intervals'!Y7=ROUND($A$2/'Scheduled Intervals'!Y7,0),"Yes",""),"")) | Z7: =IF($A$2="Annual","",IF('Scheduled Intervals'!Z7<>"",IF($A$2/'Scheduled Intervals'!Z7=ROUND($A$2/'Scheduled Intervals'!Z7,0),"Yes",""),"")) | AA7: =IF($A$2="Annual","",IF('Scheduled Intervals'!AA7<>"",IF($A$2/'Scheduled Intervals'!AA7=ROUND($A$2/'Scheduled Intervals'!AA7,0),"Yes",""),"")) | AB7: =IF($A$2="Annual","",IF('Scheduled Intervals'!AB7<>"",IF($A$2/'Scheduled Intervals'!AB7=ROUND($A$2/'Scheduled Intervals'!AB7,0),"Yes",""),"")) | ... BM7: =IF($A$2="Annual","",IF('Scheduled Intervals'!BM7<>"",IF($A$2/'Scheduled Intervals'!BM7=ROUND($A$2/'Scheduled Intervals'!BM7,0),"Yes",""),"")) | BN7: =IF(AND($A$2="annual",'Scheduled Intervals'!BN7<>""),"yes","") | BO7: =IF(AND($A$2="annual",'Scheduled Intervals'!BO7<>""),"yes","") | BP7: =IF(AND($A$2="annual",'Scheduled Intervals'!BP7<>""),"yes","")
A8: =+'Scheduled Intervals'!A8 -> Utility under 75 MX&M | B8: =IF('Scheduled Intervals'!B8<>"",IF($A$2='Scheduled Intervals'!B8,"Yes",""),"") | C8: =IF('Scheduled Intervals'!C8<>"",IF($A$2='Scheduled Intervals'!C8,"Yes",""),"") | D8: =IF('Scheduled Intervals'!D8<>"",IF($A$2='Scheduled Intervals'!D8,"Yes",""),"") | E8: =IF('Scheduled Intervals'!E8<>"",IF($A$2='Scheduled Intervals'!E8,"Yes",""),"") | F8: =IF('Scheduled Intervals'!F8<>"",IF($A$2='Scheduled Intervals'!F8,"Yes",""),"") | G8: =IF('Scheduled Intervals'!G8<>"",IF($A$2='Scheduled Intervals'!G8,"Yes",""),"") | H8: =IF('Scheduled Intervals'!H8<>"",IF($A$2='Scheduled Intervals'!H8,"Yes",""),"") | I8: =IF('Scheduled Intervals'!I8<>"",IF($A$2='Scheduled Intervals'!I8,"Yes",""),"") | ... T8: =IF('Scheduled Intervals'!T8<>"",IF($A$2='Scheduled Intervals'!T8,"Yes",""),"") | U8: =IF($A$2="Annual","",IF('Scheduled Intervals'!U8<>"",IF($A$2/'Scheduled Intervals'!U8=ROUND($A$2/'Scheduled Intervals'!U8,0),"Yes",""),"")) | V8: =IF($A$2="Annual","",IF('Scheduled Intervals'!V8<>"",IF($A$2/'Scheduled Intervals'!V8=ROUND($A$2/'Scheduled Intervals'!V8,0),"Yes",""),"")) | W8: =IF($A$2="Annual","",IF('Scheduled Intervals'!W8<>"",IF($A$2/'Scheduled Intervals'!W8=ROUND($A$2/'Scheduled Intervals'!W8,0),"Yes",""),"")) | X8: =IF($A$2="Annual","",IF('Scheduled Intervals'!X8<>"",IF($A$2/'Scheduled Intervals'!X8=ROUND($A$2/'Scheduled Intervals'!X8,0),"Yes",""),"")) | Y8: =IF($A$2="Annual","",IF('Scheduled Intervals'!Y8<>"",IF($A$2/'Scheduled Intervals'!Y8=ROUND($A$2/'Scheduled Intervals'!Y8,0),"Yes",""),"")) | Z8: =IF($A$2="Annual","",IF('Scheduled Intervals'!Z8<>"",IF($A$2/'Scheduled Intervals'!Z8=ROUND($A$2/'Scheduled Intervals'!Z8,0),"Yes",""),"")) | AA8: =IF($A$2="Annual","",IF('Scheduled Intervals'!AA8<>"",IF($A$2/'Scheduled Intervals'!AA8=ROUND($A$2/'Scheduled Intervals'!AA8,0),"Yes",""),"")) | AB8: =IF($A$2="Annual","",IF('Scheduled Intervals'!AB8<>"",IF($A$2/'Scheduled Intervals'!AB8=ROUND($A$2/'Scheduled Intervals'!AB8,0),"Yes",""),"")) | ... BM8: =IF($A$2="Annual","",IF('Scheduled Intervals'!BM8<>"",IF($A$2/'Scheduled Intervals'!BM8=ROUND($A$2/'Scheduled Intervals'!BM8,0),"Yes",""),"")) | BN8: =IF(AND($A$2="annual",'Scheduled Intervals'!BN8<>""),"yes","") | BO8: =IF(AND($A$2="annual",'Scheduled Intervals'!BO8<>""),"yes","") | BP8: =IF(AND($A$2="annual",'Scheduled Intervals'!BP8<>""),"yes","")
A9: =+'Scheduled Intervals'!A9 -> Utility over 75 M4 class | B9: =IF('Scheduled Intervals'!B9<>"",IF($A$2='Scheduled Intervals'!B9,"Yes",""),"") | C9: =IF('Scheduled Intervals'!C9<>"",IF($A$2='Scheduled Intervals'!C9,"Yes",""),"") | D9: =IF('Scheduled Intervals'!D9<>"",IF($A$2='Scheduled Intervals'!D9,"Yes",""),"") | E9: =IF('Scheduled Intervals'!E9<>"",IF($A$2='Scheduled Intervals'!E9,"Yes",""),"") | F9: =IF('Scheduled Intervals'!F9<>"",IF($A$2='Scheduled Intervals'!F9,"Yes",""),"") | G9: =IF('Scheduled Intervals'!G9<>"",IF($A$2='Scheduled Intervals'!G9,"Yes",""),"") | H9: =IF('Scheduled Intervals'!H9<>"",IF($A$2='Scheduled Intervals'!H9,"Yes",""),"") | I9: =IF('Scheduled Intervals'!I9<>"",IF($A$2='Scheduled Intervals'!I9,"Yes",""),"") | ... T9: =IF('Scheduled Intervals'!T9<>"",IF($A$2='Scheduled Intervals'!T9,"Yes",""),"") | U9: =IF($A$2="Annual","",IF('Scheduled Intervals'!U9<>"",IF($A$2/'Scheduled Intervals'!U9=ROUND($A$2/'Scheduled Intervals'!U9,0),"Yes",""),"")) -> Yes | V9: =IF($A$2="Annual","",IF('Scheduled Intervals'!V9<>"",IF($A$2/'Scheduled Intervals'!V9=ROUND($A$2/'Scheduled Intervals'!V9,0),"Yes",""),"")) | W9: =IF($A$2="Annual","",IF('Scheduled Intervals'!W9<>"",IF($A$2/'Scheduled Intervals'!W9=ROUND($A$2/'Scheduled Intervals'!W9,0),"Yes",""),"")) -> Yes | X9: =IF($A$2="Annual","",IF('Scheduled Intervals'!X9<>"",IF($A$2/'Scheduled Intervals'!X9=ROUND($A$2/'Scheduled Intervals'!X9,0),"Yes",""),"")) | Y9: =IF($A$2="Annual","",IF('Scheduled Intervals'!Y9<>"",IF($A$2/'Scheduled Intervals'!Y9=ROUND($A$2/'Scheduled Intervals'!Y9,0),"Yes",""),"")) -> Yes | Z9: =IF($A$2="Annual","",IF('Scheduled Intervals'!Z9<>"",IF($A$2/'Scheduled Intervals'!Z9=ROUND($A$2/'Scheduled Intervals'!Z9,0),"Yes",""),"")) -> Yes | AA9: =IF($A$2="Annual","",IF('Scheduled Intervals'!AA9<>"",IF($A$2/'Scheduled Intervals'!AA9=ROUND($A$2/'Scheduled Intervals'!AA9,0),"Yes",""),"")) | AB9: =IF($A$2="Annual","",IF('Scheduled Intervals'!AB9<>"",IF($A$2/'Scheduled Intervals'!AB9=ROUND($A$2/'Scheduled Intervals'!AB9,0),"Yes",""),"")) | ... BM9: =IF($A$2="Annual","",IF('Scheduled Intervals'!BM9<>"",IF($A$2/'Scheduled Intervals'!BM9=ROUND($A$2/'Scheduled Intervals'!BM9,0),"Yes",""),"")) | BN9: =IF(AND($A$2="annual",'Scheduled Intervals'!BN9<>""),"yes","") | BO9: =IF(AND($A$2="annual",'Scheduled Intervals'!BO9<>""),"yes","") | BP9: =IF(AND($A$2="annual",'Scheduled Intervals'!BP9<>""),"yes","")
A10: =+'Scheduled Intervals'!A10 -> Large Ag M6 | B10: =IF('Scheduled Intervals'!B10<>"",IF($A$2='Scheduled Intervals'!B10,"Yes",""),"") | C10: =IF('Scheduled Intervals'!C10<>"",IF($A$2='Scheduled Intervals'!C10,"Yes",""),"") | D10: =IF('Scheduled Intervals'!D10<>"",IF($A$2='Scheduled Intervals'!D10,"Yes",""),"") | E10: =IF('Scheduled Intervals'!E10<>"",IF($A$2='Scheduled Intervals'!E10,"Yes",""),"") | F10: =IF('Scheduled Intervals'!F10<>"",IF($A$2='Scheduled Intervals'!F10,"Yes",""),"") | G10: =IF('Scheduled Intervals'!G10<>"",IF($A$2='Scheduled Intervals'!G10,"Yes",""),"") | H10: =IF('Scheduled Intervals'!H10<>"",IF($A$2='Scheduled Intervals'!H10,"Yes",""),"") | I10: =IF('Scheduled Intervals'!I10<>"",IF($A$2='Scheduled Intervals'!I10,"Yes",""),"") | ... T10: =IF('Scheduled Intervals'!T10<>"",IF($A$2='Scheduled Intervals'!T10,"Yes",""),"") | U10: =IF($A$2="Annual","",IF('Scheduled Intervals'!U10<>"",IF($A$2/'Scheduled Intervals'!U10=ROUND($A$2/'Scheduled Intervals'!U10,0),"Yes",""),"")) -> Yes | V10: =IF($A$2="Annual","",IF('Scheduled Intervals'!V10<>"",IF($A$2/'Scheduled Intervals'!V10=ROUND($A$2/'Scheduled Intervals'!V10,0),"Yes",""),"")) | W10: =IF($A$2="Annual","",IF('Scheduled Intervals'!W10<>"",IF($A$2/'Scheduled Intervals'!W10=ROUND($A$2/'Scheduled Intervals'!W10,0),"Yes",""),"")) | X10: =IF($A$2="Annual","",IF('Scheduled Intervals'!X10<>"",IF($A$2/'Scheduled Intervals'!X10=ROUND($A$2/'Scheduled Intervals'!X10,0),"Yes",""),"")) -> Yes | Y10: =IF($A$2="Annual","",IF('Scheduled Intervals'!Y10<>"",IF($A$2/'Scheduled Intervals'!Y10=ROUND($A$2/'Scheduled Intervals'!Y10,0),"Yes",""),"")) -> Yes | Z10: =IF($A$2="Annual","",IF('Scheduled Intervals'!Z10<>"",IF($A$2/'Scheduled Intervals'!Z10=ROUND($A$2/'Scheduled Intervals'!Z10,0),"Yes",""),"")) -> Yes | AA10: =IF($A$2="Annual","",IF('Scheduled Intervals'!AA10<>"",IF($A$2/'Scheduled Intervals'!AA10=ROUND($A$2/'Scheduled Intervals'!AA10,0),"Yes",""),"")) | AB10: =IF($A$2="Annual","",IF('Scheduled Intervals'!AB10<>"",IF($A$2/'Scheduled Intervals'!AB10=ROUND($A$2/'Scheduled Intervals'!AB10,0),"Yes",""),"")) -> Yes | ... BM10: =IF($A$2="Annual","",IF('Scheduled Intervals'!BM10<>"",IF($A$2/'Scheduled Intervals'!BM10=ROUND($A$2/'Scheduled Intervals'!BM10,0),"Yes",""),"")) | BN10: =IF(AND($A$2="annual",'Scheduled Intervals'!BN10<>""),"yes","") | BO10: =IF(AND($A$2="annual",'Scheduled Intervals'!BO10<>""),"yes","") | BP10: =IF(AND($A$2="annual",'Scheduled Intervals'!BP10<>""),"yes","")
A11: =+'Scheduled Intervals'!A11 -> Skid Steer | B11: =IF('Scheduled Intervals'!B11<>"",IF($A$2='Scheduled Intervals'!B11,"Yes",""),"") | C11: =IF('Scheduled Intervals'!C11<>"",IF($A$2='Scheduled Intervals'!C11,"Yes",""),"") | D11: =IF('Scheduled Intervals'!D11<>"",IF($A$2='Scheduled Intervals'!D11,"Yes",""),"") | E11: =IF('Scheduled Intervals'!E11<>"",IF($A$2='Scheduled Intervals'!E11,"Yes",""),"") | F11: =IF('Scheduled Intervals'!F11<>"",IF($A$2='Scheduled Intervals'!F11,"Yes",""),"") | G11: =IF('Scheduled Intervals'!G11<>"",IF($A$2='Scheduled Intervals'!G11,"Yes",""),"") | H11: =IF('Scheduled Intervals'!H11<>"",IF($A$2='Scheduled Intervals'!H11,"Yes",""),"") | I11: =IF('Scheduled Intervals'!I11<>"",IF($A$2='Scheduled Intervals'!I11,"Yes",""),"") | ... T11: =IF('Scheduled Intervals'!T11<>"",IF($A$2='Scheduled Intervals'!T11,"Yes",""),"") | U11: =IF($A$2="Annual","",IF('Scheduled Intervals'!U11<>"",IF($A$2/'Scheduled Intervals'!U11=ROUND($A$2/'Scheduled Intervals'!U11,0),"Yes",""),"")) -> Yes | V11: =IF($A$2="Annual","",IF('Scheduled Intervals'!V11<>"",IF($A$2/'Scheduled Intervals'!V11=ROUND($A$2/'Scheduled Intervals'!V11,0),"Yes",""),"")) | W11: =IF($A$2="Annual","",IF('Scheduled Intervals'!W11<>"",IF($A$2/'Scheduled Intervals'!W11=ROUND($A$2/'Scheduled Intervals'!W11,0),"Yes",""),"")) | X11: =IF($A$2="Annual","",IF('Scheduled Intervals'!X11<>"",IF($A$2/'Scheduled Intervals'!X11=ROUND($A$2/'Scheduled Intervals'!X11,0),"Yes",""),"")) | Y11: =IF($A$2="Annual","",IF('Scheduled Intervals'!Y11<>"",IF($A$2/'Scheduled Intervals'!Y11=ROUND($A$2/'Scheduled Intervals'!Y11,0),"Yes",""),"")) -> Yes | Z11: =IF($A$2="Annual","",IF('Scheduled Intervals'!Z11<>"",IF($A$2/'Scheduled Intervals'!Z11=ROUND($A$2/'Scheduled Intervals'!Z11,0),"Yes",""),"")) -> Yes | AA11: =IF($A$2="Annual","",IF('Scheduled Intervals'!AA11<>"",IF($A$2/'Scheduled Intervals'!AA11=ROUND($A$2/'Scheduled Intervals'!AA11,0),"Yes",""),"")) | AB11: =IF($A$2="Annual","",IF('Scheduled Intervals'!AB11<>"",IF($A$2/'Scheduled Intervals'!AB11=ROUND($A$2/'Scheduled Intervals'!AB11,0),"Yes",""),"")) | ... BM11: =IF($A$2="Annual","",IF('Scheduled Intervals'!BM11<>"",IF($A$2/'Scheduled Intervals'!BM11=ROUND($A$2/'Scheduled Intervals'!BM11,0),"Yes",""),"")) | BN11: =IF(AND($A$2="annual",'Scheduled Intervals'!BN11<>""),"yes","") | BO11: =IF(AND($A$2="annual",'Scheduled Intervals'!BO11<>""),"yes","") | BP11: =IF(AND($A$2="annual",'Scheduled Intervals'!BP11<>""),"yes","")
A12: =+'Scheduled Intervals'!A12 -> Excavator - under 3.5 ton | B12: =IF('Scheduled Intervals'!B12<>"",IF($A$2='Scheduled Intervals'!B12,"Yes",""),"") | C12: =IF('Scheduled Intervals'!C12<>"",IF($A$2='Scheduled Intervals'!C12,"Yes",""),"") | D12: =IF('Scheduled Intervals'!D12<>"",IF($A$2='Scheduled Intervals'!D12,"Yes",""),"") | E12: =IF('Scheduled Intervals'!E12<>"",IF($A$2='Scheduled Intervals'!E12,"Yes",""),"") | F12: =IF('Scheduled Intervals'!F12<>"",IF($A$2='Scheduled Intervals'!F12,"Yes",""),"") | G12: =IF('Scheduled Intervals'!G12<>"",IF($A$2='Scheduled Intervals'!G12,"Yes",""),"") | H12: =IF('Scheduled Intervals'!H12<>"",IF($A$2='Scheduled Intervals'!H12,"Yes",""),"") | I12: =IF('Scheduled Intervals'!I12<>"",IF($A$2='Scheduled Intervals'!I12,"Yes",""),"") | ... T12: =IF('Scheduled Intervals'!T12<>"",IF($A$2='Scheduled Intervals'!T12,"Yes",""),"") | U12: =IF($A$2="Annual","",IF('Scheduled Intervals'!U12<>"",IF($A$2/'Scheduled Intervals'!U12=ROUND($A$2/'Scheduled Intervals'!U12,0),"Yes",""),"")) -> Yes | V12: =IF($A$2="Annual","",IF('Scheduled Intervals'!V12<>"",IF($A$2/'Scheduled Intervals'!V12=ROUND($A$2/'Scheduled Intervals'!V12,0),"Yes",""),"")) | W12: =IF($A$2="Annual","",IF('Scheduled Intervals'!W12<>"",IF($A$2/'Scheduled Intervals'!W12=ROUND($A$2/'Scheduled Intervals'!W12,0),"Yes",""),"")) | X12: =IF($A$2="Annual","",IF('Scheduled Intervals'!X12<>"",IF($A$2/'Scheduled Intervals'!X12=ROUND($A$2/'Scheduled Intervals'!X12,0),"Yes",""),"")) -> Yes | Y12: =IF($A$2="Annual","",IF('Scheduled Intervals'!Y12<>"",IF($A$2/'Scheduled Intervals'!Y12=ROUND($A$2/'Scheduled Intervals'!Y12,0),"Yes",""),"")) | Z12: =IF($A$2="Annual","",IF('Scheduled Intervals'!Z12<>"",IF($A$2/'Scheduled Intervals'!Z12=ROUND($A$2/'Scheduled Intervals'!Z12,0),"Yes",""),"")) -> Yes | AA12: =IF($A$2="Annual","",IF('Scheduled Intervals'!AA12<>"",IF($A$2/'Scheduled Intervals'!AA12=ROUND($A$2/'Scheduled Intervals'!AA12,0),"Yes",""),"")) | AB12: =IF($A$2="Annual","",IF('Scheduled Intervals'!AB12<>"",IF($A$2/'Scheduled Intervals'!AB12=ROUND($A$2/'Scheduled Intervals'!AB12,0),"Yes",""),"")) | ... BM12: =IF($A$2="Annual","",IF('Scheduled Intervals'!BM12<>"",IF($A$2/'Scheduled Intervals'!BM12=ROUND($A$2/'Scheduled Intervals'!BM12,0),"Yes",""),"")) | BN12: =IF(AND($A$2="annual",'Scheduled Intervals'!BN12<>""),"yes","") | BO12: =IF(AND($A$2="annual",'Scheduled Intervals'!BO12<>""),"yes","") | BP12: =IF(AND($A$2="annual",'Scheduled Intervals'!BP12<>""),"yes","")
A13: =+'Scheduled Intervals'!A13 -> Excavator - over 3.5 ton | B13: =IF('Scheduled Intervals'!B13<>"",IF($A$2='Scheduled Intervals'!B13,"Yes",""),"") | C13: =IF('Scheduled Intervals'!C13<>"",IF($A$2='Scheduled Intervals'!C13,"Yes",""),"") | D13: =IF('Scheduled Intervals'!D13<>"",IF($A$2='Scheduled Intervals'!D13,"Yes",""),"") | E13: =IF('Scheduled Intervals'!E13<>"",IF($A$2='Scheduled Intervals'!E13,"Yes",""),"") | F13: =IF('Scheduled Intervals'!F13<>"",IF($A$2='Scheduled Intervals'!F13,"Yes",""),"") | G13: =IF('Scheduled Intervals'!G13<>"",IF($A$2='Scheduled Intervals'!G13,"Yes",""),"") | H13: =IF('Scheduled Intervals'!H13<>"",IF($A$2='Scheduled Intervals'!H13,"Yes",""),"") | I13: =IF('Scheduled Intervals'!I13<>"",IF($A$2='Scheduled Intervals'!I13,"Yes",""),"") | ... T13: =IF('Scheduled Intervals'!T13<>"",IF($A$2='Scheduled Intervals'!T13,"Yes",""),"") | U13: =IF($A$2="Annual","",IF('Scheduled Intervals'!U13<>"",IF($A$2/'Scheduled Intervals'!U13=ROUND($A$2/'Scheduled Intervals'!U13,0),"Yes",""),"")) -> Yes | V13: =IF($A$2="Annual","",IF('Scheduled Intervals'!V13<>"",IF($A$2/'Scheduled Intervals'!V13=ROUND($A$2/'Scheduled Intervals'!V13,0),"Yes",""),"")) | W13: =IF($A$2="Annual","",IF('Scheduled Intervals'!W13<>"",IF($A$2/'Scheduled Intervals'!W13=ROUND($A$2/'Scheduled Intervals'!W13,0),"Yes",""),"")) | X13: =IF($A$2="Annual","",IF('Scheduled Intervals'!X13<>"",IF($A$2/'Scheduled Intervals'!X13=ROUND($A$2/'Scheduled Intervals'!X13,0),"Yes",""),"")) -> Yes | Y13: =IF($A$2="Annual","",IF('Scheduled Intervals'!Y13<>"",IF($A$2/'Scheduled Intervals'!Y13=ROUND($A$2/'Scheduled Intervals'!Y13,0),"Yes",""),"")) | Z13: =IF($A$2="Annual","",IF('Scheduled Intervals'!Z13<>"",IF($A$2/'Scheduled Intervals'!Z13=ROUND($A$2/'Scheduled Intervals'!Z13,0),"Yes",""),"")) -> Yes | AA13: =IF($A$2="Annual","",IF('Scheduled Intervals'!AA13<>"",IF($A$2/'Scheduled Intervals'!AA13=ROUND($A$2/'Scheduled Intervals'!AA13,0),"Yes",""),"")) | AB13: =IF($A$2="Annual","",IF('Scheduled Intervals'!AB13<>"",IF($A$2/'Scheduled Intervals'!AB13=ROUND($A$2/'Scheduled Intervals'!AB13,0),"Yes",""),"")) | ... BM13: =IF($A$2="Annual","",IF('Scheduled Intervals'!BM13<>"",IF($A$2/'Scheduled Intervals'!BM13=ROUND($A$2/'Scheduled Intervals'!BM13,0),"Yes",""),"")) | BN13: =IF(AND($A$2="annual",'Scheduled Intervals'!BN13<>""),"yes","") | BO13: =IF(AND($A$2="annual",'Scheduled Intervals'!BO13<>""),"yes","") | BP13: =IF(AND($A$2="annual",'Scheduled Intervals'!BP13<>""),"yes","")
A14: =+'Scheduled Intervals'!A14 -> Wheel Loader | B14: =IF('Scheduled Intervals'!B14<>"",IF($A$2='Scheduled Intervals'!B14,"Yes",""),"") | C14: =IF('Scheduled Intervals'!C14<>"",IF($A$2='Scheduled Intervals'!C14,"Yes",""),"") | D14: =IF('Scheduled Intervals'!D14<>"",IF($A$2='Scheduled Intervals'!D14,"Yes",""),"") | E14: =IF('Scheduled Intervals'!E14<>"",IF($A$2='Scheduled Intervals'!E14,"Yes",""),"") | F14: =IF('Scheduled Intervals'!F14<>"",IF($A$2='Scheduled Intervals'!F14,"Yes",""),"") | G14: =IF('Scheduled Intervals'!G14<>"",IF($A$2='Scheduled Intervals'!G14,"Yes",""),"") | H14: =IF('Scheduled Intervals'!H14<>"",IF($A$2='Scheduled Intervals'!H14,"Yes",""),"") | I14: =IF('Scheduled Intervals'!I14<>"",IF($A$2='Scheduled Intervals'!I14,"Yes",""),"") | ... T14: =IF('Scheduled Intervals'!T14<>"",IF($A$2='Scheduled Intervals'!T14,"Yes",""),"") | U14: =IF($A$2="Annual","",IF('Scheduled Intervals'!U14<>"",IF($A$2/'Scheduled Intervals'!U14=ROUND($A$2/'Scheduled Intervals'!U14,0),"Yes",""),"")) -> Yes | V14: =IF($A$2="Annual","",IF('Scheduled Intervals'!V14<>"",IF($A$2/'Scheduled Intervals'!V14=ROUND($A$2/'Scheduled Intervals'!V14,0),"Yes",""),"")) | W14: =IF($A$2="Annual","",IF('Scheduled Intervals'!W14<>"",IF($A$2/'Scheduled Intervals'!W14=ROUND($A$2/'Scheduled Intervals'!W14,0),"Yes",""),"")) | X14: =IF($A$2="Annual","",IF('Scheduled Intervals'!X14<>"",IF($A$2/'Scheduled Intervals'!X14=ROUND($A$2/'Scheduled Intervals'!X14,0),"Yes",""),"")) -> Yes | Y14: =IF($A$2="Annual","",IF('Scheduled Intervals'!Y14<>"",IF($A$2/'Scheduled Intervals'!Y14=ROUND($A$2/'Scheduled Intervals'!Y14,0),"Yes",""),"")) | Z14: =IF($A$2="Annual","",IF('Scheduled Intervals'!Z14<>"",IF($A$2/'Scheduled Intervals'!Z14=ROUND($A$2/'Scheduled Intervals'!Z14,0),"Yes",""),"")) -> Yes | AA14: =IF($A$2="Annual","",IF('Scheduled Intervals'!AA14<>"",IF($A$2/'Scheduled Intervals'!AA14=ROUND($A$2/'Scheduled Intervals'!AA14,0),"Yes",""),"")) | AB14: =IF($A$2="Annual","",IF('Scheduled Intervals'!AB14<>"",IF($A$2/'Scheduled Intervals'!AB14=ROUND($A$2/'Scheduled Intervals'!AB14,0),"Yes",""),"")) | ... BM14: =IF($A$2="Annual","",IF('Scheduled Intervals'!BM14<>"",IF($A$2/'Scheduled Intervals'!BM14=ROUND($A$2/'Scheduled Intervals'!BM14,0),"Yes",""),"")) | BN14: =IF(AND($A$2="annual",'Scheduled Intervals'!BN14<>""),"yes","") | BO14: =IF(AND($A$2="annual",'Scheduled Intervals'!BO14<>""),"yes","") | BP14: =IF(AND($A$2="annual",'Scheduled Intervals'!BP14<>""),"yes","")
A15: =+'Scheduled Intervals'!A15 -> Telehandler | B15: =IF('Scheduled Intervals'!B15<>"",IF($A$2='Scheduled Intervals'!B15,"Yes",""),"") | C15: =IF('Scheduled Intervals'!C15<>"",IF($A$2='Scheduled Intervals'!C15,"Yes",""),"") | D15: =IF('Scheduled Intervals'!D15<>"",IF($A$2='Scheduled Intervals'!D15,"Yes",""),"") | E15: =IF('Scheduled Intervals'!E15<>"",IF($A$2='Scheduled Intervals'!E15,"Yes",""),"") | F15: =IF('Scheduled Intervals'!F15<>"",IF($A$2='Scheduled Intervals'!F15,"Yes",""),"") | G15: =IF('Scheduled Intervals'!G15<>"",IF($A$2='Scheduled Intervals'!G15,"Yes",""),"") | H15: =IF('Scheduled Intervals'!H15<>"",IF($A$2='Scheduled Intervals'!H15,"Yes",""),"") | I15: =IF('Scheduled Intervals'!I15<>"",IF($A$2='Scheduled Intervals'!I15,"Yes",""),"") | ... T15: =IF('Scheduled Intervals'!T15<>"",IF($A$2='Scheduled Intervals'!T15,"Yes",""),"") | U15: =IF($A$2="Annual","",IF('Scheduled Intervals'!U15<>"",IF($A$2/'Scheduled Intervals'!U15=ROUND($A$2/'Scheduled Intervals'!U15,0),"Yes",""),"")) -> Yes | V15: =IF($A$2="Annual","",IF('Scheduled Intervals'!V15<>"",IF($A$2/'Scheduled Intervals'!V15=ROUND($A$2/'Scheduled Intervals'!V15,0),"Yes",""),"")) | W15: =IF($A$2="Annual","",IF('Scheduled Intervals'!W15<>"",IF($A$2/'Scheduled Intervals'!W15=ROUND($A$2/'Scheduled Intervals'!W15,0),"Yes",""),"")) -> Yes | X15: =IF($A$2="Annual","",IF('Scheduled Intervals'!X15<>"",IF($A$2/'Scheduled Intervals'!X15=ROUND($A$2/'Scheduled Intervals'!X15,0),"Yes",""),"")) -> Yes | Y15: =IF($A$2="Annual","",IF('Scheduled Intervals'!Y15<>"",IF($A$2/'Scheduled Intervals'!Y15=ROUND($A$2/'Scheduled Intervals'!Y15,0),"Yes",""),"")) -> Yes | Z15: =IF($A$2="Annual","",IF('Scheduled Intervals'!Z15<>"",IF($A$2/'Scheduled Intervals'!Z15=ROUND($A$2/'Scheduled Intervals'!Z15,0),"Yes",""),"")) -> Yes | AA15: =IF($A$2="Annual","",IF('Scheduled Intervals'!AA15<>"",IF($A$2/'Scheduled Intervals'!AA15=ROUND($A$2/'Scheduled Intervals'!AA15,0),"Yes",""),"")) | AB15: =IF($A$2="Annual","",IF('Scheduled Intervals'!AB15<>"",IF($A$2/'Scheduled Intervals'!AB15=ROUND($A$2/'Scheduled Intervals'!AB15,0),"Yes",""),"")) | ... BM15: =IF($A$2="Annual","",IF('Scheduled Intervals'!BM15<>"",IF($A$2/'Scheduled Intervals'!BM15=ROUND($A$2/'Scheduled Intervals'!BM15,0),"Yes",""),"")) | BN15: =IF(AND($A$2="annual",'Scheduled Intervals'!BN15<>""),"yes","") | BO15: =IF(AND($A$2="annual",'Scheduled Intervals'!BO15<>""),"yes","") | BP15: =IF(AND($A$2="annual",'Scheduled Intervals'!BP15<>""),"yes","")
... A34: =+'Scheduled Intervals'!A34 -> Sub Compact BX | B34: =IF('Scheduled Intervals'!B34<>"",IF($A$2='Scheduled Intervals'!B34,"Yes",""),"") | C34: =IF('Scheduled Intervals'!C34<>"",IF($A$2='Scheduled Intervals'!C34,"Yes",""),"") | D34: =IF('Scheduled Intervals'!D34<>"",IF($A$2='Scheduled Intervals'!D34,"Yes",""),"") | E34: =IF('Scheduled Intervals'!E34<>"",IF($A$2='Scheduled Intervals'!E34,"Yes",""),"") | F34: =IF('Scheduled Intervals'!F34<>"",IF($A$2='Scheduled Intervals'!F34,"Yes",""),"") | G34: =IF('Scheduled Intervals'!G34<>"",IF($A$2='Scheduled Intervals'!G34,"Yes",""),"") | H34: =IF('Scheduled Intervals'!H34<>"",IF($A$2='Scheduled Intervals'!H34,"Yes",""),"") | I34: =IF('Scheduled Intervals'!I34<>"",IF($A$2='Scheduled Intervals'!I34,"Yes",""),"") | ... T34: =IF('Scheduled Intervals'!T34<>"",IF($A$2='Scheduled Intervals'!T34,"Yes",""),"") | U34: =IF($A$2="Annual","",IF('Scheduled Intervals'!U34<>"",IF($A$2/'Scheduled Intervals'!U34=ROUND($A$2/'Scheduled Intervals'!U34,0),"Yes",""),"")) | V34: =IF($A$2="Annual","",IF('Scheduled Intervals'!V34<>"",IF($A$2/'Scheduled Intervals'!V34=ROUND($A$2/'Scheduled Intervals'!V34,0),"Yes",""),"")) | W34: =IF($A$2="Annual","",IF('Scheduled Intervals'!W34<>"",IF($A$2/'Scheduled Intervals'!W34=ROUND($A$2/'Scheduled Intervals'!W34,0),"Yes",""),"")) | X34: =IF($A$2="Annual","",IF('Scheduled Intervals'!X34<>"",IF($A$2/'Scheduled Intervals'!X34=ROUND($A$2/'Scheduled Intervals'!X34,0),"Yes",""),"")) | Y34: =IF($A$2="Annual","",IF('Scheduled Intervals'!Y34<>"",IF($A$2/'Scheduled Intervals'!Y34=ROUND($A$2/'Scheduled Intervals'!Y34,0),"Yes",""),"")) | Z34: =IF($A$2="Annual","",IF('Scheduled Intervals'!Z34<>"",IF($A$2/'Scheduled Intervals'!Z34=ROUND($A$2/'Scheduled Intervals'!Z34,0),"Yes",""),"")) | AA34: =IF($A$2="Annual","",IF('Scheduled Intervals'!AA34<>"",IF($A$2/'Scheduled Intervals'!AA34=ROUND($A$2/'Scheduled Intervals'!AA34,0),"Yes",""),"")) | AB34: =IF($A$2="Annual","",IF('Scheduled Intervals'!AB34<>"",IF($A$2/'Scheduled Intervals'!AB34=ROUND($A$2/'Scheduled Intervals'!AB34,0),"Yes",""),"")) | ... BM34: =IF($A$2="Annual","",IF('Scheduled Intervals'!BM34<>"",IF($A$2/'Scheduled Intervals'!BM34=ROUND($A$2/'Scheduled Intervals'!BM34,0),"Yes",""),"")) | BN34: =IF(AND($A$2="annual",'Scheduled Intervals'!BN34<>""),"yes","") | BO34: =IF(AND($A$2="annual",'Scheduled Intervals'!BO34<>""),"yes","") | BP34: =IF(AND($A$2="annual",'Scheduled Intervals'!BP34<>""),"yes","")
A36: ='Interval Summary'!C3 -> Skid Steer | B36: =_xlfn.XLOOKUP($A$36,$A$4:$A$34,B4:B34) | C36: =_xlfn.XLOOKUP($A$36,$A$4:$A$34,C4:C34) | D36: =_xlfn.XLOOKUP($A$36,$A$4:$A$34,D4:D34) | E36: =_xlfn.XLOOKUP($A$36,$A$4:$A$34,E4:E34) | F36: =_xlfn.XLOOKUP($A$36,$A$4:$A$34,F4:F34) | G36: =_xlfn.XLOOKUP($A$36,$A$4:$A$34,G4:G34) | H36: =_xlfn.XLOOKUP($A$36,$A$4:$A$34,H4:H34) | I36: =_xlfn.XLOOKUP($A$36,$A$4:$A$34,I4:I34) | ... BP36: =_xlfn.XLOOKUP($A$36,$A$4:$A$34,BP4:BP34)
B37: =IF(B36="yes",B2,"") | C37: =IF(C36="yes",C2,"") | D37: =IF(D36="yes",D2,"") | E37: =IF(E36="yes",E2,"") | F37: =IF(F36="yes",F2,"") | G37: =IF(G36="yes",G2,"") | H37: =IF(H36="yes",H2,"") | I37: =IF(I36="yes",I2,"") | ... BP37: =IF(BP36="yes",BP2,"")
B39: {=TRANSPOSE(B37:BP37)}
B58: Perform Oil and Filter Change
B62: Drain Water from Fuel Tank
B63: Change fuel Filter Element
B68: Change Hydraulic Oil Filter
B69: Change or Clean Hydraulic Breather Element
B70: Change or Clean Hydraulic return Filter
B82: Change or Clean Cabin Air Filter
B83: Grease Machine at Assorted Lubrication Points
B91: Replace Air Cleaner element
B99: Conduct Multi Point Inpection and Make Minor Adjustments

Sheet Interval Reimb
A1: Is Service Included at Interval
B2: =+'Scheduled Intervals'!B2 -> Perform Oil and Filter Change | C2: =+'Scheduled Intervals'!C2 -> Clean Water seperator | D2: =+'Scheduled Intervals'!D2 -> Drain Water from Fuel Tank | E2: =+'Scheduled Intervals'!E2 -> Perform Transmission Filter and Fluid Service | F2: =+'Scheduled Intervals'!F2 -> Change HST Oil Filter | G2: =+'Scheduled Intervals'!G2 -> Change Hydraulic Fluid | H2: =+'Scheduled Intervals'!H2 -> Grease Machine at required lubrication fittings | I2: =+'Scheduled Intervals'!I2 -> Conduct Multi Point Inpection and make minor adjustments | ... BP2: =+'Scheduled Intervals'!BP2 -> Conduct Annual Multi Point Inpection and Make Minor Adjustments | BQ2: Total Cost
A4: =+'Scheduled Intervals'!A4 -> RTV | B4: =ROUND(IF('Included @ Interval'!B4="yes",'Hours Per Job'!B4*'Interval Reimb'!$B$38+'Parts Cost Per Job'!B4*((1+'Interval Reimb'!$B$39)*'Interval Reimb'!$B$40),0),2) -> 0 | C4: =ROUND(IF('Included @ Interval'!C4="yes",'Hours Per Job'!C4*'Interval Reimb'!$B$38+'Parts Cost Per Job'!C4*((1+'Interval Reimb'!$B$39)*'Interval Reimb'!$B$40),0),2) -> 0 | D4: =ROUND(IF('Included @ Interval'!D4="yes",'Hours Per Job'!D4*'Interval Reimb'!$B$38+'Parts Cost Per Job'!D4*((1+'Interval Reimb'!$B$39)*'Interval Reimb'!$B$40),0),2) -> 0 | E4: =ROUND(IF('Included @ Interval'!E4="yes",'Hours Per Job'!E4*'Interval Reimb'!$B$38+'Parts Cost Per Job'!E4*((1+'Interval Reimb'!$B$39)*'Interval Reimb'!$B$40),0),2) -> 0 | F4: =ROUND(IF('Included @ Interval'!F4="yes",'Hours Per Job'!F4*'Interval Reimb'!$B$38+'Parts Cost Per Job'!F4*((1+'Interval Reimb'!$B$39)*'Interval Reimb'!$B$40),0),2) -> 0 | G4: =ROUND(IF('Included @ Interval'!G4="yes",'Hours Per Job'!G4*'Interval Reimb'!$B$38+'Parts Cost Per Job'!G4*((1+'Interval Reimb'!$B$39)*'Interval Reimb'!$B$40),0),2) -> 0 | H4: =ROUND(IF('Included @ Interval'!H4="yes",'Hours Per Job'!H4*'Interval Reimb'!$B$38+'Parts Cost Per Job'!H4*((1+'Interval Reimb'!$B$39)*'Interval Reimb'!$B$40),0),2) -> 0 | I4: =ROUND(IF('Included @ Interval'!I4="yes",'Hours Per Job'!I4*'Interval Reimb'!$B$38+'Parts Cost Per Job'!I4*((1+'Interval Reimb'!$B$39)*'Interval Reimb'!$B$40),0),2) -> 0 | ... BP4: =ROUND(IF('Included @ Interval'!BP4="yes",'Hours Per Job'!BP4*'Interval Reimb'!$B$38+'Parts Cost Per Job'!BP4*((1+'Interval Reimb'!$B$39)*'Interval Reimb'!$B$40),0),2) -> 0 | BQ4: =SUM(B4:BP4) -> 78.87 | BR4: =BQ42 -> 0.4
A5: =+'Scheduled Intervals'!A5 -> Zero Turn Gas | B5: =ROUND(IF('Included @ Interval'!B5="yes",'Hours Per Job'!B5*'Interval Reimb'!$B$38+'Parts Cost Per Job'!B5*((1+'Interval Reimb'!$B$39)*'Interval Reimb'!$B$40),0),2) -> 0 | C5: =ROUND(IF('Included @ Interval'!C5="yes",'Hours Per Job'!C5*'Interval Reimb'!$B$38+'Parts Cost Per Job'!C5*((1+'Interval Reimb'!$B$39)*'Interval Reimb'!$B$40),0),2) -> 0 | D5: =ROUND(IF('Included @ Interval'!D5="yes",'Hours Per Job'!D5*'Interval Reimb'!$B$38+'Parts Cost Per Job'!D5*((1+'Interval Reimb'!$B$39)*'Interval Reimb'!$B$40),0),2) -> 0 | E5: =ROUND(IF('Included @ Interval'!E5="yes",'Hours Per Job'!E5*'Interval Reimb'!$B$38+'Parts Cost Per Job'!E5*((1+'Interval Reimb'!$B$39)*'Interval Reimb'!$B$40),0),2) -> 0 | F5: =ROUND(IF('Included @ Interval'!F5="yes",'Hours Per Job'!F5*'Interval Reimb'!$B$38+'Parts Cost Per Job'!F5*((1+'Interval Reimb'!$B$39)*'Interval Reimb'!$B$40),0),2) -> 0 | G5: =ROUND(IF('Included @ Interval'!G5="yes",'Hours Per Job'!G5*'Interval Reimb'!$B$38+'Parts Cost Per Job'!G5*((1+'Interval Reimb'!$B$39)*'Interval Reimb'!$B$40),0),2) -> 0 | H5: =ROUND(IF('Included @ Interval'!H5="yes",'Hours Per Job'!H5*'Interval Reimb'!$B$38+'Parts Cost Per Job'!H5*((1+'Interval Reimb'!$B$39)*'Interval Reimb'!$B$40),0),2) -> 0 | I5: =ROUND(IF('Included @ Interval'!I5="yes",'Hours Per Job'!I5*'Interval Reimb'!$B$38+'Parts Cost Per Job'!I5*((1+'Interval Reimb'!$B$39)*'Interval Reimb'!$B$40),0),2) -> 0 | ... BP5: =ROUND(IF('Included @ Interval'!BP5="yes",'Hours Per Job'!BP5*'Interval Reimb'!$B$38+'Parts Cost Per Job'!BP5*((1+'Interval Reimb'!$B$39)*'Interval Reimb'!$B$40),0),2) -> 0 | BQ5: =SUM(B5:BP5) -> 324.74 | BR5: =BQ43 -> 1.65
A6: =+'Scheduled Intervals'!A6 -> Zero Turn Diesel | B6: =ROUND(IF('Included @ Interval'!B6="yes",'Hours Per Job'!B6*'Interval Reimb'!$B$38+'Parts Cost Per Job'!B6*((1+'Interval Reimb'!$B$39)*'Interval Reimb'!$B$40),0),2) -> 0 | C6: =ROUND(IF('Included @ Interval'!C6="yes",'Hours Per Job'!C6*'Interval Reimb'!$B$38+'Parts Cost Per Job'!C6*((1+'Interval Reimb'!$B$39)*'Interval Reimb'!$B$40),0),2) -> 0 | D6: =ROUND(IF('Included @ Interval'!D6="yes",'Hours Per Job'!D6*'Interval Reimb'!$B$38+'Parts Cost Per Job'!D6*((1+'Interval Reimb'!$B$39)*'Interval Reimb'!$B$40),0),2) -> 0 | E6: =ROUND(IF('Included @ Interval'!E6="yes",'Hours Per Job'!E6*'Interval Reimb'!$B$38+'Parts Cost Per Job'!E6*((1+'Interval Reimb'!$B$39)*'Interval Reimb'!$B$40),0),2) -> 0 | F6: =ROUND(IF('Included @ Interval'!F6="yes",'Hours Per Job'!F6*'Interval Reimb'!$B$38+'Parts Cost Per Job'!F6*((1+'Interval Reimb'!$B$39)*'Interval Reimb'!$B$40),0),2) -> 0 | G6: =ROUND(IF('Included @ Interval'!G6="yes",'Hours Per Job'!G6*'Interval Reimb'!$B$38+'Parts Cost Per Job'!G6*((1+'Interval Reimb'!$B$39)*'Interval Reimb'!$B$40),0),2) -> 0 | H6: =ROUND(IF('Included @ Interval'!H6="yes",'Hours Per Job'!H6*'Interval Reimb'!$B$38+'Parts Cost Per Job'!H6*((1+'Interval Reimb'!$B$39)*'Interval Reimb'!$B$40),0),2) -> 0 | I6: =ROUND(IF('Included @ Interval'!I6="yes",'Hours Per Job'!I6*'Interval Reimb'!$B$38+'Parts Cost Per Job'!I6*((1+'Interval Reimb'!$B$39)*'Interval Reimb'!$B$40),0),2) -> 0 | ... BP6: =ROUND(IF('Included @ Interval'!BP6="yes",'Hours Per Job'!BP6*'Interval Reimb'!$B$38+'Parts Cost Per Job'!BP6*((1+'Interval Reimb'!$B$39)*'Interval Reimb'!$B$40),0),2) -> 0 | BQ6: =SUM(B6:BP6) -> 0 | BR6: =BQ44 -> 0
A7: =+'Scheduled Intervals'!A7 -> Compact L series | B7: =ROUND(IF('Included @ Interval'!B7="yes",'Hours Per Job'!B7*'Interval Reimb'!$B$38+'Parts Cost Per Job'!B7*((1+'Interval Reimb'!$B$39)*'Interval Reimb'!$B$40),0),2) -> 0 | C7: =ROUND(IF('Included @ Interval'!C7="yes",'Hours Per Job'!C7*'Interval Reimb'!$B$38+'Parts Cost Per Job'!C7*((1+'Interval Reimb'!$B$39)*'Interval Reimb'!$B$40),0),2) -> 0 | D7: =ROUND(IF('Included @ Interval'!D7="yes",'Hours Per Job'!D7*'Interval Reimb'!$B$38+'Parts Cost Per Job'!D7*((1+'Interval Reimb'!$B$39)*'Interval Reimb'!$B$40),0),2) -> 0 | E7: =ROUND(IF('Included @ Interval'!E7="yes",'Hours Per Job'!E7*'Interval Reimb'!$B$38+'Parts Cost Per Job'!E7*((1+'Interval Reimb'!$B$39)*'Interval Reimb'!$B$40),0),2) -> 0 | F7: =ROUND(IF('Included @ Interval'!F7="yes",'Hours Per Job'!F7*'Interval Reimb'!$B$38+'Parts Cost Per Job'!F7*((1+'Interval Reimb'!$B$39)*'Interval Reimb'!$B$40),0),2) -> 0 | G7: =ROUND(IF('Included @ Interval'!G7="yes",'Hours Per Job'!G7*'Interval Reimb'!$B$38+'Parts Cost Per Job'!G7*((1+'Interval Reimb'!$B$39)*'Interval Reimb'!$B$40),0),2) -> 0 | H7: =ROUND(IF('Included @ Interval'!H7="yes",'Hours Per Job'!H7*'Interval Reimb'!$B$38+'Parts Cost Per Job'!H7*((1+'Interval Reimb'!$B$39)*'Interval Reimb'!$B$40),0),2) -> 0 | I7: =ROUND(IF('Included @ Interval'!I7="yes",'Hours Per Job'!I7*'Interval Reimb'!$B$38+'Parts Cost Per Job'!I7*((1+'Interval Reimb'!$B$39)*'Interval Reimb'!$B$40),0),2) -> 0 | ... BP7: =ROUND(IF('Included @ Interval'!BP7="yes",'Hours Per Job'!BP7*'Interval Reimb'!$B$38+'Parts Cost Per Job'!BP7*((1+'Interval Reimb'!$B$39)*'Interval Reimb'!$B$40),0),2) -> 0 | BQ7: =SUM(B7:BP7) -> 0 | BR7: =BQ45 -> 0
A8: =+'Scheduled Intervals'!A8 -> Utility under 75 MX&M | B8: =ROUND(IF('Included @ Interval'!B8="yes",'Hours Per Job'!B8*'Interval Reimb'!$B$38+'Parts Cost Per Job'!B8*((1+'Interval Reimb'!$B$39)*'Interval Reimb'!$B$40),0),2) -> 0 | C8: =ROUND(IF('Included @ Interval'!C8="yes",'Hours Per Job'!C8*'Interval Reimb'!$B$38+'Parts Cost Per Job'!C8*((1+'Interval Reimb'!$B$39)*'Interval Reimb'!$B$40),0),2) -> 0 | D8: =ROUND(IF('Included @ Interval'!D8="yes",'Hours Per Job'!D8*'Interval Reimb'!$B$38+'Parts Cost Per Job'!D8*((1+'Interval Reimb'!$B$39)*'Interval Reimb'!$B$40),0),2) -> 0 | E8: =ROUND(IF('Included @ Interval'!E8="yes",'Hours Per Job'!E8*'Interval Reimb'!$B$38+'Parts Cost Per Job'!E8*((1+'Interval Reimb'!$B$39)*'Interval Reimb'!$B$40),0),2) -> 0 | F8: =ROUND(IF('Included @ Interval'!F8="yes",'Hours Per Job'!F8*'Interval Reimb'!$B$38+'Parts Cost Per Job'!F8*((1+'Interval Reimb'!$B$39)*'Interval Reimb'!$B$40),0),2) -> 0 | G8: =ROUND(IF('Included @ Interval'!G8="yes",'Hours Per Job'!G8*'Interval Reimb'!$B$38+'Parts Cost Per Job'!G8*((1+'Interval Reimb'!$B$39)*'Interval Reimb'!$B$40),0),2) -> 0 | H8: =ROUND(IF('Included @ Interval'!H8="yes",'Hours Per Job'!H8*'Interval Reimb'!$B$38+'Parts Cost Per Job'!H8*((1+'Interval Reimb'!$B$39)*'Interval Reimb'!$B$40),0),2) -> 0 | I8: =ROUND(IF('Included @ Interval'!I8="yes",'Hours Per Job'!I8*'Interval Reimb'!$B$38+'Parts Cost Per Job'!I8*((1+'Interval Reimb'!$B$39)*'Interval Reimb'!$B$40),0),2) -> 0 | ... BP8: =ROUND(IF('Included @ Interval'!BP8="yes",'Hours Per Job'!BP8*'Interval Reimb'!$B$38+'Parts Cost Per Job'!BP8*((1+'Interval Reimb'!$B$39)*'Interval Reimb'!$B$40),0),2) -> 0 | BQ8: =SUM(B8:BP8) -> 0 | BR8: =BQ46 -> 0
A9: =+'Scheduled Intervals'!A9 -> Utility over 75 M4 class | B9: =ROUND(IF('Included @ Interval'!B9="yes",'Hours Per Job'!B9*'Interval Reimb'!$B$38+'Parts Cost Per Job'!B9*((1+'Interval Reimb'!$B$39)*'Interval Reimb'!$B$40),0),2) -> 0 | C9: =ROUND(IF('Included @ Interval'!C9="yes",'Hours Per Job'!C9*'Interval Reimb'!$B$38+'Parts Cost Per Job'!C9*((1+'Interval Reimb'!$B$39)*'Interval Reimb'!$B$40),0),2) -> 0 | D9: =ROUND(IF('Included @ Interval'!D9="yes",'Hours Per Job'!D9*'Interval Reimb'!$B$38+'Parts Cost Per Job'!D9*((1+'Interval Reimb'!$B$39)*'Interval Reimb'!$B$40),0),2) -> 0 | E9: =ROUND(IF('Included @ Interval'!E9="yes",'Hours Per Job'!E9*'Interval Reimb'!$B$38+'Parts Cost Per Job'!E9*((1+'Interval Reimb'!$B$39)*'Interval Reimb'!$B$40),0),2) -> 0 | F9: =ROUND(IF('Included @ Interval'!F9="yes",'Hours Per Job'!F9*'Interval Reimb'!$B$38+'Parts Cost Per Job'!F9*((1+'Interval Reimb'!$B$39)*'Interval Reimb'!$B$40),0),2) -> 0 | G9: =ROUND(IF('Included @ Interval'!G9="yes",'Hours Per Job'!G9*'Interval Reimb'!$B$38+'Parts Cost Per Job'!G9*((1+'Interval Reimb'!$B$39)*'Interval Reimb'!$B$40),0),2) -> 0 | H9: =ROUND(IF('Included @ Interval'!H9="yes",'Hours Per Job'!H9*'Interval Reimb'!$B$38+'Parts Cost Per Job'!H9*((1+'Interval Reimb'!$B$39)*'Interval Reimb'!$B$40),0),2) -> 0 | I9: =ROUND(IF('Included @ Interval'!I9="yes",'Hours Per Job'!I9*'Interval Reimb'!$B$38+'Parts Cost Per Job'!I9*((1+'Interval Reimb'!$B$39)*'Interval Reimb'!$B$40),0),2) -> 0 | ... BP9: =ROUND(IF('Included @ Interval'!BP9="yes",'Hours Per Job'!BP9*'Interval Reimb'!$B$38+'Parts Cost Per Job'!BP9*((1+'Interval Reimb'!$B$39)*'Interval Reimb'!$B$40),0),2) -> 0 | BQ9: =SUM(B9:BP9) -> 530.34 | BR9: =BQ47 -> 2.65
A10: =+'Scheduled Intervals'!A10 -> Large Ag M6 | B10: =ROUND(IF('Included @ Interval'!B10="yes",'Hours Per Job'!B10*'Interval Reimb'!$B$38+'Parts Cost Per Job'!B10*((1+'Interval Reimb'!$B$39)*'Interval Reimb'!$B$40),0),2) -> 0 | C10: =ROUND(IF('Included @ Interval'!C10="yes",'Hours Per Job'!C10*'Interval Reimb'!$B$38+'Parts Cost Per Job'!C10*((1+'Interval Reimb'!$B$39)*'Interval Reimb'!$B$40),0),2) -> 0 | D10: =ROUND(IF('Included @ Interval'!D10="yes",'Hours Per Job'!D10*'Interval Reimb'!$B$38+'Parts Cost Per Job'!D10*((1+'Interval Reimb'!$B$39)*'Interval Reimb'!$B$40),0),2) -> 0 | E10: =ROUND(IF('Included @ Interval'!E10="yes",'Hours Per Job'!E10*'Interval Reimb'!$B$38+'Parts Cost Per Job'!E10*((1+'Interval Reimb'!$B$39)*'Interval Reimb'!$B$40),0),2) -> 0 | F10: =ROUND(IF('Included @ Interval'!F10="yes",'Hours Per Job'!F10*'Interval Reimb'!$B$38+'Parts Cost Per Job'!F10*((1+'Interval Reimb'!$B$39)*'Interval Reimb'!$B$40),0),2) -> 0 | G10: =ROUND(IF('Included @ Interval'!G10="yes",'Hours Per Job'!G10*'Interval Reimb'!$B$38+'Parts Cost Per Job'!G10*((1+'Interval Reimb'!$B$39)*'Interval Reimb'!$B$40),0),2) -> 0 | H10: =ROUND(IF('Included @ Interval'!H10="yes",'Hours Per Job'!H10*'Interval Reimb'!$B$38+'Parts Cost Per Job'!H10*((1+'Interval Reimb'!$B$39)*'Interval Reimb'!$B$40),0),2) -> 0 | I10: =ROUND(IF('Included @ Interval'!I10="yes",'Hours Per Job'!I10*'Interval Reimb'!$B$38+'Parts Cost Per Job'!I10*((1+'Interval Reimb'!$B$39)*'Interval Reimb'!$B$40),0),2) -> 0 | ... BP10: =ROUND(IF('Included @ Interval'!BP10="yes",'Hours Per Job'!BP10*'Interval Reimb'!$B$38+'Parts Cost Per Job'!BP10*((1+'Interval Reimb'!$B$39)*'Interval Reimb'!$B$40),0),2) -> 0 | BQ10: =SUM(B10:BP10) -> 3258.86 | BR10: =BQ48 -> 13.65
A11: =+'Scheduled Intervals'!A11 -> Skid Steer | B11: =ROUND(IF('Included @ Interval'!B11="yes",'Hours Per Job'!B11*'Interval Reimb'!$B$38+'Parts Cost Per Job'!B11*((1+'Interval Reimb'!$B$39)*'Interval Reimb'!$B$40),0),2) -> 0 | C11: =ROUND(IF('Included @ Interval'!C11="yes",'Hours Per Job'!C11*'Interval Reimb'!$B$38+'Parts Cost Per Job'!C11*((1+'Interval Reimb'!$B$39)*'Interval Reimb'!$B$40),0),2) -> 0 | D11: =ROUND(IF('Included @ Interval'!D11="yes",'Hours Per Job'!D11*'Interval Reimb'!$B$38+'Parts Cost Per Job'!D11*((1+'Interval Reimb'!$B$39)*'Interval Reimb'!$B$40),0),2) -> 0 | E11: =ROUND(IF('Included @ Interval'!E11="yes",'Hours Per Job'!E11*'Interval Reimb'!$B$38+'Parts Cost Per Job'!E11*((1+'Interval Reimb'!$B$39)*'Interval Reimb'!$B$40),0),2) -> 0 | F11: =ROUND(IF('Included @ Interval'!F11="yes",'Hours Per Job'!F11*'Interval Reimb'!$B$38+'Parts Cost Per Job'!F11*((1+'Interval Reimb'!$B$39)*'Interval Reimb'!$B$40),0),2) -> 0 | G11: =ROUND(IF('Included @ Interval'!G11="yes",'Hours Per Job'!G11*'Interval Reimb'!$B$38+'Parts Cost Per Job'!G11*((1+'Interval Reimb'!$B$39)*'Interval Reimb'!$B$40),0),2) -> 0 | H11: =ROUND(IF('Included @ Interval'!H11="yes",'Hours Per Job'!H11*'Interval Reimb'!$B$38+'Parts Cost Per Job'!H11*((1+'Interval Reimb'!$B$39)*'Interval Reimb'!$B$40),0),2) -> 0 | I11: =ROUND(IF('Included @ Interval'!I11="yes",'Hours Per Job'!I11*'Interval Reimb'!$B$38+'Parts Cost Per Job'!I11*((1+'Interval Reimb'!$B$39)*'Interval Reimb'!$B$40),0),2) -> 0 | ... BP11: =ROUND(IF('Included @ Interval'!BP11="yes",'Hours Per Job'!BP11*'Interval Reimb'!$B$38+'Parts Cost Per Job'!BP11*((1+'Interval Reimb'!$B$39)*'Interval Reimb'!$B$40),0),2) -> 0 | BQ11: =SUM(B11:BP11) -> 1035.58 | BR11: =BQ49 -> 3.75
A12: =+'Scheduled Intervals'!A12 -> Excavator - under 3.5 ton | B12: =ROUND(IF('Included @ Interval'!B12="yes",'Hours Per Job'!B12*'Interval Reimb'!$B$38+'Parts Cost Per Job'!B12*((1+'Interval Reimb'!$B$39)*'Interval Reimb'!$B$40),0),2) -> 0 | C12: =ROUND(IF('Included @ Interval'!C12="yes",'Hours Per Job'!C12*'Interval Reimb'!$B$38+'Parts Cost Per Job'!C12*((1+'Interval Reimb'!$B$39)*'Interval Reimb'!$B$40),0),2) -> 0 | D12: =ROUND(IF('Included @ Interval'!D12="yes",'Hours Per Job'!D12*'Interval Reimb'!$B$38+'Parts Cost Per Job'!D12*((1+'Interval Reimb'!$B$39)*'Interval Reimb'!$B$40),0),2) -> 0 | E12: =ROUND(IF('Included @ Interval'!E12="yes",'Hours Per Job'!E12*'Interval Reimb'!$B$38+'Parts Cost Per Job'!E12*((1+'Interval Reimb'!$B$39)*'Interval Reimb'!$B$40),0),2) -> 0 | F12: =ROUND(IF('Included @ Interval'!F12="yes",'Hours Per Job'!F12*'Interval Reimb'!$B$38+'Parts Cost Per Job'!F12*((1+'Interval Reimb'!$B$39)*'Interval Reimb'!$B$40),0),2) -> 0 | G12: =ROUND(IF('Included @ Interval'!G12="yes",'Hours Per Job'!G12*'Interval Reimb'!$B$38+'Parts Cost Per Job'!G12*((1+'Interval Reimb'!$B$39)*'Interval Reimb'!$B$40),0),2) -> 0 | H12: =ROUND(IF('Included @ Interval'!H12="yes",'Hours Per Job'!H12*'Interval Reimb'!$B$38+'Parts Cost Per Job'!H12*((1+'Interval Reimb'!$B$39)*'Interval Reimb'!$B$40),0),2) -> 0 | I12: =ROUND(IF('Included @ Interval'!I12="yes",'Hours Per Job'!I12*'Interval Reimb'!$B$38+'Parts Cost Per Job'!I12*((1+'Interval Reimb'!$B$39)*'Interval Reimb'!$B$40),0),2) -> 0 | ... BP12: =ROUND(IF('Included @ Interval'!BP12="yes",'Hours Per Job'!BP12*'Interval Reimb'!$B$38+'Parts Cost Per Job'!BP12*((1+'Interval Reimb'!$B$39)*'Interval Reimb'!$B$40),0),2) -> 0 | BQ12: =SUM(B12:BP12) -> 706.81 | BR12: =BQ50 -> 3.3
A13: =+'Scheduled Intervals'!A13 -> Excavator - over 3.5 ton | B13: =ROUND(IF('Included @ Interval'!B13="yes",'Hours Per Job'!B13*'Interval Reimb'!$B$38+'Parts Cost Per Job'!B13*((1+'Interval Reimb'!$B$39)*'Interval Reimb'!$B$40),0),2) -> 0 | C13: =ROUND(IF('Included @ Interval'!C13="yes",'Hours Per Job'!C13*'Interval Reimb'!$B$38+'Parts Cost Per Job'!C13*((1+'Interval Reimb'!$B$39)*'Interval Reimb'!$B$40),0),2) -> 0 | D13: =ROUND(IF('Included @ Interval'!D13="yes",'Hours Per Job'!D13*'Interval Reimb'!$B$38+'Parts Cost Per Job'!D13*((1+'Interval Reimb'!$B$39)*'Interval Reimb'!$B$40),0),2) -> 0 | E13: =ROUND(IF('Included @ Interval'!E13="yes",'Hours Per Job'!E13*'Interval Reimb'!$B$38+'Parts Cost Per Job'!E13*((1+'Interval Reimb'!$B$39)*'Interval Reimb'!$B$40),0),2) -> 0 | F13: =ROUND(IF('Included @ Interval'!F13="yes",'Hours Per Job'!F13*'Interval Reimb'!$B$38+'Parts Cost Per Job'!F13*((1+'Interval Reimb'!$B$39)*'Interval Reimb'!$B$40),0),2) -> 0 | G13: =ROUND(IF('Included @ Interval'!G13="yes",'Hours Per Job'!G13*'Interval Reimb'!$B$38+'Parts Cost Per Job'!G13*((1+'Interval Reimb'!$B$39)*'Interval Reimb'!$B$40),0),2) -> 0 | H13: =ROUND(IF('Included @ Interval'!H13="yes",'Hours Per Job'!H13*'Interval Reimb'!$B$38+'Parts Cost Per Job'!H13*((1+'Interval Reimb'!$B$39)*'Interval Reimb'!$B$40),0),2) -> 0 | I13: =ROUND(IF('Included @ Interval'!I13="yes",'Hours Per Job'!I13*'Interval Reimb'!$B$38+'Parts Cost Per Job'!I13*((1+'Interval Reimb'!$B$39)*'Interval Reimb'!$B$40),0),2) -> 0 | ... BP13: =ROUND(IF('Included @ Interval'!BP13="yes",'Hours Per Job'!BP13*'Interval Reimb'!$B$38+'Parts Cost Per Job'!BP13*((1+'Interval Reimb'!$B$39)*'Interval Reimb'!$B$40),0),2) -> 0 | BQ13: =SUM(B13:BP13) -> 900.02 | BR13: =BQ51 -> 4.25
A14: =+'Scheduled Intervals'!A14 -> Wheel Loader | B14: =ROUND(IF('Included @ Interval'!B14="yes",'Hours Per Job'!B14*'Interval Reimb'!$B$38+'Parts Cost Per Job'!B14*((1+'Interval Reimb'!$B$39)*'Interval Reimb'!$B$40),0),2) -> 0 | C14: =ROUND(IF('Included @ Interval'!C14="yes",'Hours Per Job'!C14*'Interval Reimb'!$B$38+'Parts Cost Per Job'!C14*((1+'Interval Reimb'!$B$39)*'Interval Reimb'!$B$40),0),2) -> 0 | D14: =ROUND(IF('Included @ Interval'!D14="yes",'Hours Per Job'!D14*'Interval Reimb'!$B$38+'Parts Cost Per Job'!D14*((1+'Interval Reimb'!$B$39)*'Interval Reimb'!$B$40),0),2) -> 0 | E14: =ROUND(IF('Included @ Interval'!E14="yes",'Hours Per Job'!E14*'Interval Reimb'!$B$38+'Parts Cost Per Job'!E14*((1+'Interval Reimb'!$B$39)*'Interval Reimb'!$B$40),0),2) -> 0 | F14: =ROUND(IF('Included @ Interval'!F14="yes",'Hours Per Job'!F14*'Interval Reimb'!$B$38+'Parts Cost Per Job'!F14*((1+'Interval Reimb'!$B$39)*'Interval Reimb'!$B$40),0),2) -> 0 | G14: =ROUND(IF('Included @ Interval'!G14="yes",'Hours Per Job'!G14*'Interval Reimb'!$B$38+'Parts Cost Per Job'!G14*((1+'Interval Reimb'!$B$39)*'Interval Reimb'!$B$40),0),2) -> 0 | H14: =ROUND(IF('Included @ Interval'!H14="yes",'Hours Per Job'!H14*'Interval Reimb'!$B$38+'Parts Cost Per Job'!H14*((1+'Interval Reimb'!$B$39)*'Interval Reimb'!$B$40),0),2) -> 0 | I14: =ROUND(IF('Included @ Interval'!I14="yes",'Hours Per Job'!I14*'Interval Reimb'!$B$38+'Parts Cost Per Job'!I14*((1+'Interval Reimb'!$B$39)*'Interval Reimb'!$B$40),0),2) -> 0 | ... BP14: =ROUND(IF('Included @ Interval'!BP14="yes",'Hours Per Job'!BP14*'Interval Reimb'!$B$38+'Parts Cost Per Job'!BP14*((1+'Interval Reimb'!$B$39)*'Interval Reimb'!$B$40),0),2) -> 0 | BQ14: =SUM(B14:BP14) -> 714.96 | BR14: =BQ52 -> 3.05
A15: =+'Scheduled Intervals'!A15 -> Telehandler | B15: =ROUND(IF('Included @ Interval'!B15="yes",'Hours Per Job'!B15*'Interval Reimb'!$B$38+'Parts Cost Per Job'!B15*((1+'Interval Reimb'!$B$39)*'Interval Reimb'!$B$40),0),2) -> 0 | C15: =ROUND(IF('Included @ Interval'!C15="yes",'Hours Per Job'!C15*'Interval Reimb'!$B$38+'Parts Cost Per Job'!C15*((1+'Interval Reimb'!$B$39)*'Interval Reimb'!$B$40),0),2) -> 0 | D15: =ROUND(IF('Included @ Interval'!D15="yes",'Hours Per Job'!D15*'Interval Reimb'!$B$38+'Parts Cost Per Job'!D15*((1+'Interval Reimb'!$B$39)*'Interval Reimb'!$B$40),0),2) -> 0 | E15: =ROUND(IF('Included @ Interval'!E15="yes",'Hours Per Job'!E15*'Interval Reimb'!$B$38+'Parts Cost Per Job'!E15*((1+'Interval Reimb'!$B$39)*'Interval Reimb'!$B$40),0),2) -> 0 | F15: =ROUND(IF('Included @ Interval'!F15="yes",'Hours Per Job'!F15*'Interval Reimb'!$B$38+'Parts Cost Per Job'!F15*((1+'Interval Reimb'!$B$39)*'Interval Reimb'!$B$40),0),2) -> 0 | G15: =ROUND(IF('Included @ Interval'!G15="yes",'Hours Per Job'!G15*'Interval Reimb'!$B$38+'Parts Cost Per Job'!G15*((1+'Interval Reimb'!$B$39)*'Interval Reimb'!$B$40),0),2) -> 0 | H15: =ROUND(IF('Included @ Interval'!H15="yes",'Hours Per Job'!H15*'Interval Reimb'!$B$38+'Parts Cost Per Job'!H15*((1+'Interval Reimb'!$B$39)*'Interval Reimb'!$B$40),0),2) -> 0 | I15: =ROUND(IF('Included @ Interval'!I15="yes",'Hours Per Job'!I15*'Interval Reimb'!$B$38+'Parts Cost Per Job'!I15*((1+'Interval Reimb'!$B$39)*'Interval Reimb'!$B$40),0),2) -> 0 | ... BP15: =ROUND(IF('Included @ Interval'!BP15="yes",'Hours Per Job'!BP15*'Interval Reimb'!$B$38+'Parts Cost Per Job'!BP15*((1+'Interval Reimb'!$B$39)*'Interval Reimb'!$B$40),0),2) -> 0 | BQ15: =SUM(B15:BP15) -> 820.28 | BR15: =BQ53 -> 3.45
... A31: =+'Scheduled Intervals'!A31 -> SCL - DIESEL | B31: =ROUND(IF('Included @ Interval'!B31="yes",'Hours Per Job'!B31*'Interval Reimb'!$B$38+'Parts Cost Per Job'!B31*((1+'Interval Reimb'!$B$39)*'Interval Reimb'!$B$40),0),2) -> 0 | C31: =ROUND(IF('Included @ Interval'!C31="yes",'Hours Per Job'!C31*'Interval Reimb'!$B$38+'Parts Cost Per Job'!C31*((1+'Interval Reimb'!$B$39)*'Interval Reimb'!$B$40),0),2) -> 0 | D31: =ROUND(IF('Included @ Interval'!D31="yes",'Hours Per Job'!D31*'Interval Reimb'!$B$38+'Parts Cost Per Job'!D31*((1+'Interval Reimb'!$B$39)*'Interval Reimb'!$B$40),0),2) -> 0 | E31: =ROUND(IF('Included @ Interval'!E31="yes",'Hours Per Job'!E31*'Interval Reimb'!$B$38+'Parts Cost Per Job'!E31*((1+'Interval Reimb'!$B$39)*'Interval Reimb'!$B$40),0),2) -> 0 | F31: =ROUND(IF('Included @ Interval'!F31="yes",'Hours Per Job'!F31*'Interval Reimb'!$B$38+'Parts Cost Per Job'!F31*((1+'Interval Reimb'!$B$39)*'Interval Reimb'!$B$40),0),2) -> 0 | G31: =ROUND(IF('Included @ Interval'!G31="yes",'Hours Per Job'!G31*'Interval Reimb'!$B$38+'Parts Cost Per Job'!G31*((1+'Interval Reimb'!$B$39)*'Interval Reimb'!$B$40),0),2) -> 0 | H31: =ROUND(IF('Included @ Interval'!H31="yes",'Hours Per Job'!H31*'Interval Reimb'!$B$38+'Parts Cost Per Job'!H31*((1+'Interval Reimb'!$B$39)*'Interval Reimb'!$B$40),0),2) -> 0 | I31: =ROUND(IF('Included @ Interval'!I31="yes",'Hours Per Job'!I31*'Interval Reimb'!$B$38+'Parts Cost Per Job'!I31*((1+'Interval Reimb'!$B$39)*'Interval Reimb'!$B$40),0),2) -> 0 | ... BP31: =ROUND(IF('Included @ Interval'!BP31="yes",'Hours Per Job'!BP31*'Interval Reimb'!$B$38+'Parts Cost Per Job'!BP31*((1+'Interval Reimb'!$B$39)*'Interval Reimb'!$B$40),0),2) -> 0 | BQ31: =SUM(B31:BP31) -> 0 | BR31: =BQ69 -> 0
A32: =+'Scheduled Intervals'!A32 -> SCL - Gas | B32: =ROUND(IF('Included @ Interval'!B32="yes",'Hours Per Job'!B32*'Interval Reimb'!$B$38+'Parts Cost Per Job'!B32*((1+'Interval Reimb'!$B$39)*'Interval Reimb'!$B$40),0),2) -> 0 | C32: =ROUND(IF('Included @ Interval'!C32="yes",'Hours Per Job'!C32*'Interval Reimb'!$B$38+'Parts Cost Per Job'!C32*((1+'Interval Reimb'!$B$39)*'Interval Reimb'!$B$40),0),2) -> 0 | D32: =ROUND(IF('Included @ Interval'!D32="yes",'Hours Per Job'!D32*'Interval Reimb'!$B$38+'Parts Cost Per Job'!D32*((1+'Interval Reimb'!$B$39)*'Interval Reimb'!$B$40),0),2) -> 0 | E32: =ROUND(IF('Included @ Interval'!E32="yes",'Hours Per Job'!E32*'Interval Reimb'!$B$38+'Parts Cost Per Job'!E32*((1+'Interval Reimb'!$B$39)*'Interval Reimb'!$B$40),0),2) -> 0 | F32: =ROUND(IF('Included @ Interval'!F32="yes",'Hours Per Job'!F32*'Interval Reimb'!$B$38+'Parts Cost Per Job'!F32*((1+'Interval Reimb'!$B$39)*'Interval Reimb'!$B$40),0),2) -> 0 | G32: =ROUND(IF('Included @ Interval'!G32="yes",'Hours Per Job'!G32*'Interval Reimb'!$B$38+'Parts Cost Per Job'!G32*((1+'Interval Reimb'!$B$39)*'Interval Reimb'!$B$40),0),2) -> 0 | H32: =ROUND(IF('Included @ Interval'!H32="yes",'Hours Per Job'!H32*'Interval Reimb'!$B$38+'Parts Cost Per Job'!H32*((1+'Interval Reimb'!$B$39)*'Interval Reimb'!$B$40),0),2) -> 0 | I32: =ROUND(IF('Included @ Interval'!I32="yes",'Hours Per Job'!I32*'Interval Reimb'!$B$38+'Parts Cost Per Job'!I32*((1+'Interval Reimb'!$B$39)*'Interval Reimb'!$B$40),0),2) -> 0 | ... BP32: =ROUND(IF('Included @ Interval'!BP32="yes",'Hours Per Job'!BP32*'Interval Reimb'!$B$38+'Parts Cost Per Job'!BP32*((1+'Interval Reimb'!$B$39)*'Interval Reimb'!$B$40),0),2) -> 0 | BQ32: =SUM(B32:BP32) -> 324.74
A33: =+'Scheduled Intervals'!A33 -> Mini Excavator | B33: =ROUND(IF('Included @ Interval'!B33="yes",'Hours Per Job'!B33*'Interval Reimb'!$B$38+'Parts Cost Per Job'!B33*((1+'Interval Reimb'!$B$39)*'Interval Reimb'!$B$40),0),2) -> 0 | C33: =ROUND(IF('Included @ Interval'!C33="yes",'Hours Per Job'!C33*'Interval Reimb'!$B$38+'Parts Cost Per Job'!C33*((1+'Interval Reimb'!$B$39)*'Interval Reimb'!$B$40),0),2) -> 0 | D33: =ROUND(IF('Included @ Interval'!D33="yes",'Hours Per Job'!D33*'Interval Reimb'!$B$38+'Parts Cost Per Job'!D33*((1+'Interval Reimb'!$B$39)*'Interval Reimb'!$B$40),0),2) -> 0 | E33: =ROUND(IF('Included @ Interval'!E33="yes",'Hours Per Job'!E33*'Interval Reimb'!$B$38+'Parts Cost Per Job'!E33*((1+'Interval Reimb'!$B$39)*'Interval Reimb'!$B$40),0),2) -> 0 | F33: =ROUND(IF('Included @ Interval'!F33="yes",'Hours Per Job'!F33*'Interval Reimb'!$B$38+'Parts Cost Per Job'!F33*((1+'Interval Reimb'!$B$39)*'Interval Reimb'!$B$40),0),2) -> 0 | G33: =ROUND(IF('Included @ Interval'!G33="yes",'Hours Per Job'!G33*'Interval Reimb'!$B$38+'Parts Cost Per Job'!G33*((1+'Interval Reimb'!$B$39)*'Interval Reimb'!$B$40),0),2) -> 0 | H33: =ROUND(IF('Included @ Interval'!H33="yes",'Hours Per Job'!H33*'Interval Reimb'!$B$38+'Parts Cost Per Job'!H33*((1+'Interval Reimb'!$B$39)*'Interval Reimb'!$B$40),0),2) -> 0 | I33: =ROUND(IF('Included @ Interval'!I33="yes",'Hours Per Job'!I33*'Interval Reimb'!$B$38+'Parts Cost Per Job'!I33*((1+'Interval Reimb'!$B$39)*'Interval Reimb'!$B$40),0),2) -> 0 | ... BP33: =ROUND(IF('Included @ Interval'!BP33="yes",'Hours Per Job'!BP33*'Interval Reimb'!$B$38+'Parts Cost Per Job'!BP33*((1+'Interval Reimb'!$B$39)*'Interval Reimb'!$B$40),0),2) -> 0 | BQ33: =SUM(B33:BP33) -> 699.84 | BR33: =BQ70 -> 2.85
A34: =+'Scheduled Intervals'!A34 -> Sub Compact BX | B34: =ROUND(IF('Included @ Interval'!B34="yes",'Hours Per Job'!B34*'Interval Reimb'!$B$38+'Parts Cost Per Job'!B34*((1+'Interval Reimb'!$B$39)*'Interval Reimb'!$B$40),0),2) -> 0 | C34: =ROUND(IF('Included @ Interval'!C34="yes",'Hours Per Job'!C34*'Interval Reimb'!$B$38+'Parts Cost Per Job'!C34*((1+'Interval Reimb'!$B$39)*'Interval Reimb'!$B$40),0),2) -> 0 | D34: =ROUND(IF('Included @ Interval'!D34="yes",'Hours Per Job'!D34*'Interval Reimb'!$B$38+'Parts Cost Per Job'!D34*((1+'Interval Reimb'!$B$39)*'Interval Reimb'!$B$40),0),2) -> 0 | E34: =ROUND(IF('Included @ Interval'!E34="yes",'Hours Per Job'!E34*'Interval Reimb'!$B$38+'Parts Cost Per Job'!E34*((1+'Interval Reimb'!$B$39)*'Interval Reimb'!$B$40),0),2) -> 0 | F34: =ROUND(IF('Included @ Interval'!F34="yes",'Hours Per Job'!F34*'Interval Reimb'!$B$38+'Parts Cost Per Job'!F34*((1+'Interval Reimb'!$B$39)*'Interval Reimb'!$B$40),0),2) -> 0 | G34: =ROUND(IF('Included @ Interval'!G34="yes",'Hours Per Job'!G34*'Interval Reimb'!$B$38+'Parts Cost Per Job'!G34*((1+'Interval Reimb'!$B$39)*'Interval Reimb'!$B$40),0),2) -> 0 | H34: =ROUND(IF('Included @ Interval'!H34="yes",'Hours Per Job'!H34*'Interval Reimb'!$B$38+'Parts Cost Per Job'!H34*((1+'Interval Reimb'!$B$39)*'Interval Reimb'!$B$40),0),2) -> 0 | I34: =ROUND(IF('Included @ Interval'!I34="yes",'Hours Per Job'!I34*'Interval Reimb'!$B$38+'Parts Cost Per Job'!I34*((1+'Interval Reimb'!$B$39)*'Interval Reimb'!$B$40),0),2) -> 0 | ... BP34: =ROUND(IF('Included @ Interval'!BP34="yes",'Hours Per Job'!BP34*'Interval Reimb'!$B$38+'Parts Cost Per Job'!BP34*((1+'Interval Reimb'!$B$39)*'Interval Reimb'!$B$40),0),2) -> 0 | BQ34: =SUM(B34:BP34) -> 0 | BR34: =BQ71 -> 0
A38: Labor Rate | B38: ='Interval Summary'!C9 -> 120
A39: Parts Mark Up | B39: =+'Plan Set Up'!$E$3 -> 0.4
A40: Inflation Factor | B40: =+'Plan Set Up'!$E$4 -> 1.04
A42: =A4 -> RTV | B42: =IF(B4>0,'Hours Per Job'!B4,0) -> 0 | C42: =IF(C4>0,'Hours Per Job'!C4,0) -> 0 | D42: =IF(D4>0,'Hours Per Job'!D4,0) -> 0 | E42: =IF(E4>0,'Hours Per Job'!E4,0) -> 0 | F42: =IF(F4>0,'Hours Per Job'!F4,0) -> 0 | G42: =IF(G4>0,'Hours Per Job'!G4,0) -> 0 | H42: =IF(H4>0,'Hours Per Job'!H4,0) -> 0 | I42: =IF(I4>0,'Hours Per Job'!I4,0) -> 0 | ... BP42: =IF(BP4>0,'Hours Per Job'!BP4,0) -> 0 | BQ42: =SUM(B42:BP42) -> 0.4
A43: =A5 -> Zero Turn Gas | B43: =IF(B5>0,'Hours Per Job'!B5,0) -> 0 | C43: =IF(C5>0,'Hours Per Job'!C5,0) -> 0 | D43: =IF(D5>0,'Hours Per Job'!D5,0) -> 0 | E43: =IF(E5>0,'Hours Per Job'!E5,0) -> 0 | F43: =IF(F5>0,'Hours Per Job'!F5,0) -> 0 | G43: =IF(G5>0,'Hours Per Job'!G5,0) -> 0 | H43: =IF(H5>0,'Hours Per Job'!H5,0) -> 0 | I43: =IF(I5>0,'Hours Per Job'!I5,0) -> 0 | ... BP43: =IF(BP5>0,'Hours Per Job'!BP5,0) -> 0 | BQ43: =SUM(B43:BP43) -> 1.65
A44: =A6 -> Zero Turn Diesel | B44: =IF(B6>0,'Hours Per Job'!B6,0) -> 0 | C44: =IF(C6>0,'Hours Per Job'!C6,0) -> 0 | D44: =IF(D6>0,'Hours Per Job'!D6,0) -> 0 | E44: =IF(E6>0,'Hours Per Job'!E6,0) -> 0 | F44: =IF(F6>0,'Hours Per Job'!F6,0) -> 0 | G44: =IF(G6>0,'Hours Per Job'!G6,0) -> 0 | H44: =IF(H6>0,'Hours Per Job'!H6,0) -> 0 | I44: =IF(I6>0,'Hours Per Job'!I6,0) -> 0 | ... BP44: =IF(BP6>0,'Hours Per Job'!BP6,0) -> 0 | BQ44: =SUM(B44:BP44) -> 0
A45: =A7 -> Compact L series | B45: =IF(B7>0,'Hours Per Job'!B7,0) -> 0 | C45: =IF(C7>0,'Hours Per Job'!C7,0) -> 0 | D45: =IF(D7>0,'Hours Per Job'!D7,0) -> 0 | E45: =IF(E7>0,'Hours Per Job'!E7,0) -> 0 | F45: =IF(F7>0,'Hours Per Job'!F7,0) -> 0 | G45: =IF(G7>0,'Hours Per Job'!G7,0) -> 0 | H45: =IF(H7>0,'Hours Per Job'!H7,0) -> 0 | I45: =IF(I7>0,'Hours Per Job'!I7,0) -> 0 | ... BP45: =IF(BP7>0,'Hours Per Job'!BP7,0) -> 0 | BQ45: =SUM(B45:BP45) -> 0
A46: =A8 -> Utility under 75 MX&M | B46: =IF(B8>0,'Hours Per Job'!B8,0) -> 0 | C46: =IF(C8>0,'Hours Per Job'!C8,0) -> 0 | D46: =IF(D8>0,'Hours Per Job'!D8,0) -> 0 | E46: =IF(E8>0,'Hours Per Job'!E8,0) -> 0 | F46: =IF(F8>0,'Hours Per Job'!F8,0) -> 0 | G46: =IF(G8>0,'Hours Per Job'!G8,0) -> 0 | H46: =IF(H8>0,'Hours Per Job'!H8,0) -> 0 | I46: =IF(I8>0,'Hours Per Job'!I8,0) -> 0 | ... BP46: =IF(BP8>0,'Hours Per Job'!BP8,0) -> 0 | BQ46: =SUM(B46:BP46) -> 0
A47: =A9 -> Utility over 75 M4 class | B47: =IF(B9>0,'Hours Per Job'!B9,0) -> 0 | C47: =IF(C9>0,'Hours Per Job'!C9,0) -> 0 | D47: =IF(D9>0,'Hours Per Job'!D9,0) -> 0 | E47: =IF(E9>0,'Hours Per Job'!E9,0) -> 0 | F47: =IF(F9>0,'Hours Per Job'!F9,0) -> 0 | G47: =IF(G9>0,'Hours Per Job'!G9,0) -> 0 | H47: =IF(H9>0,'Hours Per Job'!H9,0) -> 0 | I47: =IF(I9>0,'Hours Per Job'!I9,0) -> 0 | ... BP47: =IF(BP9>0,'Hours Per Job'!BP9,0) -> 0 | BQ47: =SUM(B47:BP47) -> 2.65
A48: =A10 -> Large Ag M6 | B48: =IF(B10>0,'Hours Per Job'!B10,0) -> 0 | C48: =IF(C10>0,'Hours Per Job'!C10,0) -> 0 | D48: =IF(D10>0,'Hours Per Job'!D10,0) -> 0 | E48: =IF(E10>0,'Hours Per Job'!E10,0) -> 0 | F48: =IF(F10>0,'Hours Per Job'!F10,0) -> 0 | G48: =IF(G10>0,'Hours Per Job'!G10,0) -> 0 | H48: =IF(H10>0,'Hours Per Job'!H10,0) -> 0 | I48: =IF(I10>0,'Hours Per Job'!I10,0) -> 0 | ... BP48: =IF(BP10>0,'Hours Per Job'!BP10,0) -> 0 | BQ48: =SUM(B48:BP48) -> 13.65
A49: =A11 -> Skid Steer | B49: =IF(B11>0,'Hours Per Job'!B11,0) -> 0 | C49: =IF(C11>0,'Hours Per Job'!C11,0) -> 0 | D49: =IF(D11>0,'Hours Per Job'!D11,0) -> 0 | E49: =IF(E11>0,'Hours Per Job'!E11,0) -> 0 | F49: =IF(F11>0,'Hours Per Job'!F11,0) -> 0 | G49: =IF(G11>0,'Hours Per Job'!G11,0) -> 0 | H49: =IF(H11>0,'Hours Per Job'!H11,0) -> 0 | I49: =IF(I11>0,'Hours Per Job'!I11,0) -> 0 | ... BP49: =IF(BP11>0,'Hours Per Job'!BP11,0) -> 0 | BQ49: =SUM(B49:BP49) -> 3.75
A50: =A12 -> Excavator - under 3.5 ton | B50: =IF(B12>0,'Hours Per Job'!B12,0) -> 0 | C50: =IF(C12>0,'Hours Per Job'!C12,0) -> 0 | D50: =IF(D12>0,'Hours Per Job'!D12,0) -> 0 | E50: =IF(E12>0,'Hours Per Job'!E12,0) -> 0 | F50: =IF(F12>0,'Hours Per Job'!F12,0) -> 0 | G50: =IF(G12>0,'Hours Per Job'!G12,0) -> 0 | H50: =IF(H12>0,'Hours Per Job'!H12,0) -> 0 | I50: =IF(I12>0,'Hours Per Job'!I12,0) -> 0 | ... BP50: =IF(BP12>0,'Hours Per Job'!BP12,0) -> 0 | BQ50: =SUM(B50:BP50) -> 3.3
A51: =A13 -> Excavator - over 3.5 ton | B51: =IF(B13>0,'Hours Per Job'!B13,0) -> 0 | C51: =IF(C13>0,'Hours Per Job'!C13,0) -> 0 | D51: =IF(D13>0,'Hours Per Job'!D13,0) -> 0 | E51: =IF(E13>0,'Hours Per Job'!E13,0) -> 0 | F51: =IF(F13>0,'Hours Per Job'!F13,0) -> 0 | G51: =IF(G13>0,'Hours Per Job'!G13,0) -> 0 | H51: =IF(H13>0,'Hours Per Job'!H13,0) -> 0 | I51: =IF(I13>0,'Hours Per Job'!I13,0) -> 0 | ... BP51: =IF(BP13>0,'Hours Per Job'!BP13,0) -> 0 | BQ51: =SUM(B51:BP51) -> 4.25
A52: =A14 -> Wheel Loader | B52: =IF(B14>0,'Hours Per Job'!B14,0) -> 0 | C52: =IF(C14>0,'Hours Per Job'!C14,0) -> 0 | D52: =IF(D14>0,'Hours Per Job'!D14,0) -> 0 | E52: =IF(E14>0,'Hours Per Job'!E14,0) -> 0 | F52: =IF(F14>0,'Hours Per Job'!F14,0) -> 0 | G52: =IF(G14>0,'Hours Per Job'!G14,0) -> 0 | H52: =IF(H14>0,'Hours Per Job'!H14,0) -> 0 | I52: =IF(I14>0,'Hours Per Job'!I14,0) -> 0 | ... BP52: =IF(BP14>0,'Hours Per Job'!BP14,0) -> 0 | BQ52: =SUM(B52:BP52) -> 3.05
A53: =A15 -> Telehandler | B53: =IF(B15>0,'Hours Per Job'!B15,0) -> 0 | C53: =IF(C15>0,'Hours Per Job'!C15,0) -> 0 | D53: =IF(D15>0,'Hours Per Job'!D15,0) -> 0 | E53: =IF(E15>0,'Hours Per Job'!E15,0) -> 0 | F53: =IF(F15>0,'Hours Per Job'!F15,0) -> 0 | G53: =IF(G15>0,'Hours Per Job'!G15,0) -> 0 | H53: =IF(H15>0,'Hours Per Job'!H15,0) -> 0 | I53: =IF(I15>0,'Hours Per Job'!I15,0) -> 0 | ... BP53: =IF(BP15>0,'Hours Per Job'!BP15,0) -> 0 | BQ53: =SUM(B53:BP53) -> 3.45
... A69: =A31 -> SCL - DIESEL | B69: =IF(B31>0,'Hours Per Job'!B31,0) -> 0 | C69: =IF(C31>0,'Hours Per Job'!C31,0) -> 0 | D69: =IF(D31>0,'Hours Per Job'!D31,0) -> 0 | E69: =IF(E31>0,'Hours Per Job'!E31,0) -> 0 | F69: =IF(F31>0,'Hours Per Job'!F31,0) -> 0 | G69: =IF(G31>0,'Hours Per Job'!G31,0) -> 0 | H69: =IF(H31>0,'Hours Per Job'!H31,0) -> 0 | I69: =IF(I31>0,'Hours Per Job'!I31,0) -> 0 | ... BP69: =IF(BP31>0,'Hours Per Job'!BP31,0) -> 0 | BQ69: =SUM(B69:BP69) -> 0
A70: =A33 -> Mini Excavator | B70: =IF(B33>0,'Hours Per Job'!B33,0) -> 0 | C70: =IF(C33>0,'Hours Per Job'!C33,0) -> 0 | D70: =IF(D33>0,'Hours Per Job'!D33,0) -> 0 | E70: =IF(E33>0,'Hours Per Job'!E33,0) -> 0 | F70: =IF(F33>0,'Hours Per Job'!F33,0) -> 0 | G70: =IF(G33>0,'Hours Per Job'!G33,0) -> 0 | H70: =IF(H33>0,'Hours Per Job'!H33,0) -> 0 | I70: =IF(I33>0,'Hours Per Job'!I33,0) -> 0 | ... BP70: =IF(BP33>0,'Hours Per Job'!BP33,0) -> 0 | BQ70: =SUM(B70:BP70) -> 2.85
A71: =A34 -> Sub Compact BX | B71: =IF(B34>0,'Hours Per Job'!B34,0) -> 0 | C71: =IF(C34>0,'Hours Per Job'!C34,0) -> 0 | D71: =IF(D34>0,'Hours Per Job'!D34,0) -> 0 | E71: =IF(E34>0,'Hours Per Job'!E34,0) -> 0 | F71: =IF(F34>0,'Hours Per Job'!F34,0) -> 0 | G71: =IF(G34>0,'Hours Per Job'!G34,0) -> 0 | H71: =IF(H34>0,'Hours Per Job'!H34,0) -> 0 | I71: =IF(I34>0,'Hours Per Job'!I34,0) -> 0 | ... BP71: =IF(BP34>0,'Hours Per Job'!BP34,0) -> 0 | BQ71: =SUM(B71:BP71) -> 0

Sheet Total Cost for Plan
A1: Pricing for a plan with | B1: =+'Plan Summary'!C5 -> 300 | C1: hours maintenance
B2: =+'Scheduled Intervals'!B2 -> Perform Oil and Filter Change | C2: =+'Scheduled Intervals'!C2 -> Clean Water seperator | D2: =+'Scheduled Intervals'!D2 -> Drain Water from Fuel Tank | E2: =+'Scheduled Intervals'!E2 -> Perform Transmission Filter and Fluid Service | F2: =+'Scheduled Intervals'!F2 -> Change HST Oil Filter | G2: =+'Scheduled Intervals'!G2 -> Change Hydraulic Fluid | H2: =+'Scheduled Intervals'!H2 -> Grease Machine at required lubrication fittings | I2: =+'Scheduled Intervals'!I2 -> Conduct Multi Point Inpection and make minor adjustments | ... BP2: =+'Scheduled Intervals'!BP2 -> Conduct Annual Multi Point Inpection and Make Minor Adjustments | BQ2: Total Cost
A4: =+'Scheduled Intervals'!A4 -> RTV | B4: =ROUND(('Hours Per Job'!B4*'Total Cost for Plan'!$B$36+'Parts Cost Per Job'!B4*((1+'Total Cost for Plan'!$B$37)*'Total Cost for Plan'!$B$38)),2) -> 89.63 | C4: =ROUND(('Hours Per Job'!C4*'Total Cost for Plan'!$B$36+'Parts Cost Per Job'!C4*((1+'Total Cost for Plan'!$B$37)*'Total Cost for Plan'!$B$38)),2) -> 0 | D4: =ROUND(('Hours Per Job'!D4*'Total Cost for Plan'!$B$36+'Parts Cost Per Job'!D4*((1+'Total Cost for Plan'!$B$37)*'Total Cost for Plan'!$B$38)),2) -> 0 | E4: =ROUND(('Hours Per Job'!E4*'Total Cost for Plan'!$B$36+'Parts Cost Per Job'!E4*((1+'Total Cost for Plan'!$B$37)*'Total Cost for Plan'!$B$38)),2) -> 0 | F4: =ROUND(('Hours Per Job'!F4*'Total Cost for Plan'!$B$36+'Parts Cost Per Job'!F4*((1+'Total Cost for Plan'!$B$37)*'Total Cost for Plan'!$B$38)),2) -> 148.69 | G4: =ROUND(('Hours Per Job'!G4*'Total Cost for Plan'!$B$36+'Parts Cost Per Job'!G4*((1+'Total Cost for Plan'!$B$37)*'Total Cost for Plan'!$B$38)),2) -> 0 | H4: =ROUND(('Hours Per Job'!H4*'Total Cost for Plan'!$B$36+'Parts Cost Per Job'!H4*((1+'Total Cost for Plan'!$B$37)*'Total Cost for Plan'!$B$38)),2) -> 23.07 | I4: =ROUND(('Hours Per Job'!I4*'Total Cost for Plan'!$B$36+'Parts Cost Per Job'!I4*((1+'Total Cost for Plan'!$B$37)*'Total Cost for Plan'!$B$38)),2) -> 30 | ... T4: =ROUND(('Hours Per Job'!T4*'Total Cost for Plan'!$B$36+'Parts Cost Per Job'!T4*((1+'Total Cost for Plan'!$B$37)*'Total Cost for Plan'!$B$38)),2) -> 0 | U4: =IF('Scheduled Intervals'!U4>0,ROUND(('Hours Per Job'!U4*'Total Cost for Plan'!$B$36+'Parts Cost Per Job'!U4*((1+'Total Cost for Plan'!$B$37)*'Total Cost for Plan'!$B$38))*ROUNDDOWN($B$1/'Scheduled Intervals'!U4,0),2),0) -> 89.63 | V4: =IF('Scheduled Intervals'!V4>0,ROUND(('Hours Per Job'!V4*'Total Cost for Plan'!$B$36+'Parts Cost Per Job'!V4*((1+'Total Cost for Plan'!$B$37)*'Total Cost for Plan'!$B$38))*ROUNDDOWN($B$1/'Scheduled Intervals'!V4,0),2),0) -> 0 | W4: =IF('Scheduled Intervals'!W4>0,ROUND(('Hours Per Job'!W4*'Total Cost for Plan'!$B$36+'Parts Cost Per Job'!W4*((1+'Total Cost for Plan'!$B$37)*'Total Cost for Plan'!$B$38))*ROUNDDOWN($B$1/'Scheduled Intervals'!W4,0),2),0) -> 0 | X4: =IF('Scheduled Intervals'!X4>0,ROUND(('Hours Per Job'!X4*'Total Cost for Plan'!$B$36+'Parts Cost Per Job'!X4*((1+'Total Cost for Plan'!$B$37)*'Total Cost for Plan'!$B$38))*ROUNDDOWN($B$1/'Scheduled Intervals'!X4,0),2),0) -> 0 | Y4: =IF('Scheduled Intervals'!Y4>0,ROUND(('Hours Per Job'!Y4*'Total Cost for Plan'!$B$36+'Parts Cost Per Job'!Y4*((1+'Total Cost for Plan'!$B$37)*'Total Cost for Plan'!$B$38))*ROUNDDOWN($B$1/'Scheduled Intervals'!Y4,0),2),0) -> 12 | Z4: =IF('Scheduled Intervals'!Z4>0,ROUND(('Hours Per Job'!Z4*'Total Cost for Plan'!$B$36+'Parts Cost Per Job'!Z4*((1+'Total Cost for Plan'!$B$37)*'Total Cost for Plan'!$B$38))*ROUNDDOWN($B$1/'Scheduled Intervals'!Z4,0),2),0) -> 0 | AA4: =IF('Scheduled Intervals'!AA4>0,ROUND(('Hours Per Job'!AA4*'Total Cost for Plan'!$B$36+'Parts Cost Per Job'!AA4*((1+'Total Cost for Plan'!$B$37)*'Total Cost for Plan'!$B$38))*ROUNDDOWN($B$1/'Scheduled Intervals'!AA4,0),2),0) -> 0 | AB4: =IF('Scheduled Intervals'!AB4>0,ROUND(('Hours Per Job'!AB4*'Total Cost for Plan'!$B$36+'Parts Cost Per Job'!AB4*((1+'Total Cost for Plan'!$B$37)*'Total Cost for Plan'!$B$38))*ROUNDDOWN($B$1/'Scheduled Intervals'!AB4,0),2),0) -> 0 | ... BM4: =IF('Scheduled Intervals'!BM4>0,ROUND(('Hours Per Job'!BM4*'Total Cost for Plan'!$B$36+'Parts Cost Per Job'!BM4*((1+'Total Cost for Plan'!$B$37)*'Total Cost for Plan'!$B$38))*ROUNDDOWN($B$1/'Scheduled Intervals'!BM4,0),2),0) -> 0 | BN4: =IF(AND('Scheduled Intervals'!BN$4="annual",'Plan Summary'!$C$5<'Scheduled Intervals'!$U4*('Plan Summary'!$C$9/12)),ROUND(('Hours Per Job'!BN4*'Total Cost for Plan'!$B$36+'Parts Cost Per Job'!BN4*((1+'Total Cost for Plan'!$B$37)*'Total Cost for Plan'!$B$38))*ROUND('Plan Summary'!$C$9/12,0),2),0) -> 448.14 | BO4: =IF(AND('Scheduled Intervals'!BO$4="annual",'Plan Summary'!$C$5<'Scheduled Intervals'!$U4*('Plan Summary'!$C$9/12)),ROUND(('Hours Per Job'!BO4*'Total Cost for Plan'!$B$36+'Parts Cost Per Job'!BO4*((1+'Total Cost for Plan'!$B$37)*'Total Cost for Plan'!$B$38))*ROUND('Plan Summary'!$C$9/12,0),2),0) -> 115.33 | BP4: =IF(AND('Scheduled Intervals'!BP$4="annual",'Plan Summary'!$C$5<'Scheduled Intervals'!$U4*('Plan Summary'!$C$9/12)),ROUND(('Hours Per Job'!BP4*'Total Cost for Plan'!$B$36+'Parts Cost Per Job'!BP4*((1+'Total Cost for Plan'!$B$37)*'Total Cost for Plan'!$B$38))*ROUND('Plan Summary'!$C$9/12,0),2),0) -> 630 | BQ4: =SUM(B4:BP4) -> 2058.34
A5: =+'Scheduled Intervals'!A5 -> Zero Turn Gas | B5: =ROUND(('Hours Per Job'!B5*'Total Cost for Plan'!$B$36+'Parts Cost Per Job'!B5*((1+'Total Cost for Plan'!$B$37)*'Total Cost for Plan'!$B$38)),2) -> 64.03 | C5: =ROUND(('Hours Per Job'!C5*'Total Cost for Plan'!$B$36+'Parts Cost Per Job'!C5*((1+'Total Cost for Plan'!$B$37)*'Total Cost for Plan'!$B$38)),2) -> 0 | D5: =ROUND(('Hours Per Job'!D5*'Total Cost for Plan'!$B$36+'Parts Cost Per Job'!D5*((1+'Total Cost for Plan'!$B$37)*'Total Cost for Plan'!$B$38)),2) -> 0 | E5: =ROUND(('Hours Per Job'!E5*'Total Cost for Plan'!$B$36+'Parts Cost Per Job'!E5*((1+'Total Cost for Plan'!$B$37)*'Total Cost for Plan'!$B$38)),2) -> 0 | F5: =ROUND(('Hours Per Job'!F5*'Total Cost for Plan'!$B$36+'Parts Cost Per Job'!F5*((1+'Total Cost for Plan'!$B$37)*'Total Cost for Plan'!$B$38)),2) -> 0 | G5: =ROUND(('Hours Per Job'!G5*'Total Cost for Plan'!$B$36+'Parts Cost Per Job'!G5*((1+'Total Cost for Plan'!$B$37)*'Total Cost for Plan'!$B$38)),2) -> 0 | H5: =ROUND(('Hours Per Job'!H5*'Total Cost for Plan'!$B$36+'Parts Cost Per Job'!H5*((1+'Total Cost for Plan'!$B$37)*'Total Cost for Plan'!$B$38)),2) -> 35.07 | I5: =ROUND(('Hours Per Job'!I5*'Total Cost for Plan'!$B$36+'Parts Cost Per Job'!I5*((1+'Total Cost for Plan'!$B$37)*'Total Cost for Plan'!$B$38)),2) -> 30 | ... T5: =ROUND(('Hours Per Job'!T5*'Total Cost for Plan'!$B$36+'Parts Cost Per Job'!T5*((1+'Total Cost for Plan'!$B$37)*'Total Cost for Plan'!$B$38)),2) -> 0 | U5: =IF('Scheduled Intervals'!U5>0,ROUND(('Hours Per Job'!U5*'Total Cost for Plan'!$B$36+'Parts Cost Per Job'!U5*((1+'Total Cost for Plan'!$B$37)*'Total Cost for Plan'!$B$38))*ROUNDDOWN($B$1/'Scheduled Intervals'!U5,0),2),0) -> 192.08 | V5: =IF('Scheduled Intervals'!V5>0,ROUND(('Hours Per Job'!V5*'Total Cost for Plan'!$B$36+'Parts Cost Per Job'!V5*((1+'Total Cost for Plan'!$B$37)*'Total Cost for Plan'!$B$38))*ROUNDDOWN($B$1/'Scheduled Intervals'!V5,0),2),0) -> 0 | W5: =IF('Scheduled Intervals'!W5>0,ROUND(('Hours Per Job'!W5*'Total Cost for Plan'!$B$36+'Parts Cost Per Job'!W5*((1+'Total Cost for Plan'!$B$37)*'Total Cost for Plan'!$B$38))*ROUNDDOWN($B$1/'Scheduled Intervals'!W5,0),2),0) -> 0 | X5: =IF('Scheduled Intervals'!X5>0,ROUND(('Hours Per Job'!X5*'Total Cost for Plan'!$B$36+'Parts Cost Per Job'!X5*((1+'Total Cost for Plan'!$B$37)*'Total Cost for Plan'!$B$38))*ROUNDDOWN($B$1/'Scheduled Intervals'!X5,0),2),0) -> 0 | Y5: =IF('Scheduled Intervals'!Y5>0,ROUND(('Hours Per Job'!Y5*'Total Cost for Plan'!$B$36+'Parts Cost Per Job'!Y5*((1+'Total Cost for Plan'!$B$37)*'Total Cost for Plan'!$B$38))*ROUNDDOWN($B$1/'Scheduled Intervals'!Y5,0),2),0) -> 0 | Z5: =IF('Scheduled Intervals'!Z5>0,ROUND(('Hours Per Job'!Z5*'Total Cost for Plan'!$B$36+'Parts Cost Per Job'!Z5*((1+'Total Cost for Plan'!$B$37)*'Total Cost for Plan'!$B$38))*ROUNDDOWN($B$1/'Scheduled Intervals'!Z5,0),2),0) -> 117.43 | AA5: =IF('Scheduled Intervals'!AA5>0,ROUND(('Hours Per Job'!AA5*'Total Cost for Plan'!$B$36+'Parts Cost Per Job'!AA5*((1+'Total Cost for Plan'!$B$37)*'Total Cost for Plan'!$B$38))*ROUNDDOWN($B$1/'Scheduled Intervals'!AA5,0),2),0) -> 0 | AB5: =IF('Scheduled Intervals'!AB5>0,ROUND(('Hours Per Job'!AB5*'Total Cost for Plan'!$B$36+'Parts Cost Per Job'!AB5*((1+'Total Cost for Plan'!$B$37)*'Total Cost for Plan'!$B$38))*ROUNDDOWN($B$1/'Scheduled Intervals'!AB5,0),2),0) -> 0 | ... BM5: =IF('Scheduled Intervals'!BM5>0,ROUND(('Hours Per Job'!BM5*'Total Cost for Plan'!$B$36+'Parts Cost Per Job'!BM5*((1+'Total Cost for Plan'!$B$37)*'Total Cost for Plan'!$B$38))*ROUNDDOWN($B$1/'Scheduled Intervals'!BM5,0),2),0) -> 0 | BN5: =IF(AND('Scheduled Intervals'!BN$4="annual",'Plan Summary'!$C$5<'Scheduled Intervals'!$U5*('Plan Summary'!$C$9/12)),ROUND(('Hours Per Job'!BN5*'Total Cost for Plan'!$B$36+'Parts Cost Per Job'!BN5*((1+'Total Cost for Plan'!$B$37)*'Total Cost for Plan'!$B$38))*ROUND('Plan Summary'!$C$9/12,0),2),0) -> 320.14 | BO5: =IF(AND('Scheduled Intervals'!BO$4="annual",'Plan Summary'!$C$5<'Scheduled Intervals'!$U5*('Plan Summary'!$C$9/12)),ROUND(('Hours Per Job'!BO5*'Total Cost for Plan'!$B$36+'Parts Cost Per Job'!BO5*((1+'Total Cost for Plan'!$B$37)*'Total Cost for Plan'!$B$38))*ROUND('Plan Summary'!$C$9/12,0),2),0) -> 175.33 | BP5: =IF(AND('Scheduled Intervals'!BP$4="annual",'Plan Summary'!$C$5<'Scheduled Intervals'!$U5*('Plan Summary'!$C$9/12)),ROUND(('Hours Per Job'!BP5*'Total Cost for Plan'!$B$36+'Parts Cost Per Job'!BP5*((1+'Total Cost for Plan'!$B$37)*'Total Cost for Plan'!$B$38))*ROUND('Plan Summary'!$C$9/12,0),2),0) -> 630 | BQ5: =SUM(B5:BP5) -> 2295.34
A6: =+'Scheduled Intervals'!A6 -> Zero Turn Diesel | B6: =ROUND(('Hours Per Job'!B6*'Total Cost for Plan'!$B$36+'Parts Cost Per Job'!B6*((1+'Total Cost for Plan'!$B$37)*'Total Cost for Plan'!$B$38)),2) -> 80.92 | C6: =ROUND(('Hours Per Job'!C6*'Total Cost for Plan'!$B$36+'Parts Cost Per Job'!C6*((1+'Total Cost for Plan'!$B$37)*'Total Cost for Plan'!$B$38)),2) -> 0 | D6: =ROUND(('Hours Per Job'!D6*'Total Cost for Plan'!$B$36+'Parts Cost Per Job'!D6*((1+'Total Cost for Plan'!$B$37)*'Total Cost for Plan'!$B$38)),2) -> 0 | E6: =ROUND(('Hours Per Job'!E6*'Total Cost for Plan'!$B$36+'Parts Cost Per Job'!E6*((1+'Total Cost for Plan'!$B$37)*'Total Cost for Plan'!$B$38)),2) -> 0 | F6: =ROUND(('Hours Per Job'!F6*'Total Cost for Plan'!$B$36+'Parts Cost Per Job'!F6*((1+'Total Cost for Plan'!$B$37)*'Total Cost for Plan'!$B$38)),2) -> 75.07 | G6: =ROUND(('Hours Per Job'!G6*'Total Cost for Plan'!$B$36+'Parts Cost Per Job'!G6*((1+'Total Cost for Plan'!$B$37)*'Total Cost for Plan'!$B$38)),2) -> 0 | H6: =ROUND(('Hours Per Job'!H6*'Total Cost for Plan'!$B$36+'Parts Cost Per Job'!H6*((1+'Total Cost for Plan'!$B$37)*'Total Cost for Plan'!$B$38)),2) -> 35.07 | I6: =ROUND(('Hours Per Job'!I6*'Total Cost for Plan'!$B$36+'Parts Cost Per Job'!I6*((1+'Total Cost for Plan'!$B$37)*'Total Cost for Plan'!$B$38)),2) -> 30 | ... T6: =ROUND(('Hours Per Job'!T6*'Total Cost for Plan'!$B$36+'Parts Cost Per Job'!T6*((1+'Total Cost for Plan'!$B$37)*'Total Cost for Plan'!$B$38)),2) -> 0 | U6: =IF('Scheduled Intervals'!U6>0,ROUND(('Hours Per Job'!U6*'Total Cost for Plan'!$B$36+'Parts Cost Per Job'!U6*((1+'Total Cost for Plan'!$B$37)*'Total Cost for Plan'!$B$38))*ROUNDDOWN($B$1/'Scheduled Intervals'!U6,0),2),0) -> 80.92 | V6: =IF('Scheduled Intervals'!V6>0,ROUND(('Hours Per Job'!V6*'Total Cost for Plan'!$B$36+'Parts Cost Per Job'!V6*((1+'Total Cost for Plan'!$B$37)*'Total Cost for Plan'!$B$38))*ROUNDDOWN($B$1/'Scheduled Intervals'!V6,0),2),0) -> 0 | W6: =IF('Scheduled Intervals'!W6>0,ROUND(('Hours Per Job'!W6*'Total Cost for Plan'!$B$36+'Parts Cost Per Job'!W6*((1+'Total Cost for Plan'!$B$37)*'Total Cost for Plan'!$B$38))*ROUNDDOWN($B$1/'Scheduled Intervals'!W6,0),2),0) -> 0 | X6: =IF('Scheduled Intervals'!X6>0,ROUND(('Hours Per Job'!X6*'Total Cost for Plan'!$B$36+'Parts Cost Per Job'!X6*((1+'Total Cost for Plan'!$B$37)*'Total Cost for Plan'!$B$38))*ROUNDDOWN($B$1/'Scheduled Intervals'!X6,0),2),0) -> 0 | Y6: =IF('Scheduled Intervals'!Y6>0,ROUND(('Hours Per Job'!Y6*'Total Cost for Plan'!$B$36+'Parts Cost Per Job'!Y6*((1+'Total Cost for Plan'!$B$37)*'Total Cost for Plan'!$B$38))*ROUNDDOWN($B$1/'Scheduled Intervals'!Y6,0),2),0) -> 0 | Z6: =IF('Scheduled Intervals'!Z6>0,ROUND(('Hours Per Job'!Z6*'Total Cost for Plan'!$B$36+'Parts Cost Per Job'!Z6*((1+'Total Cost for Plan'!$B$37)*'Total Cost for Plan'!$B$38))*ROUNDDOWN($B$1/'Scheduled Intervals'!Z6,0),2),0) -> 0 | AA6: =IF('Scheduled Intervals'!AA6>0,ROUND(('Hours Per Job'!AA6*'Total Cost for Plan'!$B$36+'Parts Cost Per Job'!AA6*((1+'Total Cost for Plan'!$B$37)*'Total Cost for Plan'!$B$38))*ROUNDDOWN($B$1/'Scheduled Intervals'!AA6,0),2),0) -> 0 | AB6: =IF('Scheduled Intervals'!AB6>0,ROUND(('Hours Per Job'!AB6*'Total Cost for Plan'!$B$36+'Parts Cost Per Job'!AB6*((1+'Total Cost for Plan'!$B$37)*'Total Cost for Plan'!$B$38))*ROUNDDOWN($B$1/'Scheduled Intervals'!AB6,0),2),0) -> 0 | ... BM6: =IF('Scheduled Intervals'!BM6>0,ROUND(('Hours Per Job'!BM6*'Total Cost for Plan'!$B$36+'Parts Cost Per Job'!BM6*((1+'Total Cost for Plan'!$B$37)*'Total Cost for Plan'!$B$38))*ROUNDDOWN($B$1/'Scheduled Intervals'!BM6,0),2),0) -> 0 | BN6: =IF(AND('Scheduled Intervals'!BN$4="annual",'Plan Summary'!$C$5<'Scheduled Intervals'!$U6*('Plan Summary'!$C$9/12)),ROUND(('Hours Per Job'!BN6*'Total Cost for Plan'!$B$36+'Parts Cost Per Job'!BN6*((1+'Total Cost for Plan'!$B$37)*'Total Cost for Plan'!$B$38))*ROUND('Plan Summary'!$C$9/12,0),2),0) -> 404.59 | BO6: =IF(AND('Scheduled Intervals'!BO$4="annual",'Plan Summary'!$C$5<'Scheduled Intervals'!$U6*('Plan Summary'!$C$9/12)),ROUND(('Hours Per Job'!BO6*'Total Cost for Plan'!$B$36+'Parts Cost Per Job'!BO6*((1+'Total Cost for Plan'!$B$37)*'Total Cost for Plan'!$B$38))*ROUND('Plan Summary'!$C$9/12,0),2),0) -> 175.33 | BP6: =IF(AND('Scheduled Intervals'!BP$4="annual",'Plan Summary'!$C$5<'Scheduled Intervals'!$U6*('Plan Summary'!$C$9/12)),ROUND(('Hours Per Job'!BP6*'Total Cost for Plan'!$B$36+'Parts Cost Per Job'!BP6*((1+'Total Cost for Plan'!$B$37)*'Total Cost for Plan'!$B$38))*ROUND('Plan Summary'!$C$9/12,0),2),0) -> 630 | BQ6: =SUM(B6:BP6) -> 1665.66
A7: =+'Scheduled Intervals'!A7 -> Compact L series | B7: =ROUND(('Hours Per Job'!B7*'Total Cost for Plan'!$B$36+'Parts Cost Per Job'!B7*((1+'Total Cost for Plan'!$B$37)*'Total Cost for Plan'!$B$38)),2) -> 93.92 | C7: =ROUND(('Hours Per Job'!C7*'Total Cost for Plan'!$B$36+'Parts Cost Per Job'!C7*((1+'Total Cost for Plan'!$B$37)*'Total Cost for Plan'!$B$38)),2) -> 0 | D7: =ROUND(('Hours Per Job'!D7*'Total Cost for Plan'!$B$36+'Parts Cost Per Job'!D7*((1+'Total Cost for Plan'!$B$37)*'Total Cost for Plan'!$B$38)),2) -> 0 | E7: =ROUND(('Hours Per Job'!E7*'Total Cost for Plan'!$B$36+'Parts Cost Per Job'!E7*((1+'Total Cost for Plan'!$B$37)*'Total Cost for Plan'!$B$38)),2) -> 0 | F7: =ROUND(('Hours Per Job'!F7*'Total Cost for Plan'!$B$36+'Parts Cost Per Job'!F7*((1+'Total Cost for Plan'!$B$37)*'Total Cost for Plan'!$B$38)),2) -> 87.07 | G7: =ROUND(('Hours Per Job'!G7*'Total Cost for Plan'!$B$36+'Parts Cost Per Job'!G7*((1+'Total Cost for Plan'!$B$37)*'Total Cost for Plan'!$B$38)),2) -> 0 | H7: =ROUND(('Hours Per Job'!H7*'Total Cost for Plan'!$B$36+'Parts Cost Per Job'!H7*((1+'Total Cost for Plan'!$B$37)*'Total Cost for Plan'!$B$38)),2) -> 35.07 | I7: =ROUND(('Hours Per Job'!I7*'Total Cost for Plan'!$B$36+'Parts Cost Per Job'!I7*((1+'Total Cost for Plan'!$B$37)*'Total Cost for Plan'!$B$38)),2) -> 30 | ... T7: =ROUND(('Hours Per Job'!T7*'Total Cost for Plan'!$B$36+'Parts Cost Per Job'!T7*((1+'Total Cost for Plan'!$B$37)*'Total Cost for Plan'!$B$38)),2) -> 0 | U7: =IF('Scheduled Intervals'!U7>0,ROUND(('Hours Per Job'!U7*'Total Cost for Plan'!$B$36+'Parts Cost Per Job'!U7*((1+'Total Cost for Plan'!$B$37)*'Total Cost for Plan'!$B$38))*ROUNDDOWN($B$1/'Scheduled Intervals'!U7,0),2),0) -> 93.92 | V7: =IF('Scheduled Intervals'!V7>0,ROUND(('Hours Per Job'!V7*'Total Cost for Plan'!$B$36+'Parts Cost Per Job'!V7*((1+'Total Cost for Plan'!$B$37)*'Total Cost for Plan'!$B$38))*ROUNDDOWN($B$1/'Scheduled Intervals'!V7,0),2),0) -> 0 | W7: =IF('Scheduled Intervals'!W7>0,ROUND(('Hours Per Job'!W7*'Total Cost for Plan'!$B$36+'Parts Cost Per Job'!W7*((1+'Total Cost for Plan'!$B$37)*'Total Cost for Plan'!$B$38))*ROUNDDOWN($B$1/'Scheduled Intervals'!W7,0),2),0) -> 0 | X7: =IF('Scheduled Intervals'!X7>0,ROUND(('Hours Per Job'!X7*'Total Cost for Plan'!$B$36+'Parts Cost Per Job'!X7*((1+'Total Cost for Plan'!$B$37)*'Total Cost for Plan'!$B$38))*ROUNDDOWN($B$1/'Scheduled Intervals'!X7,0),2),0) -> 0 | Y7: =IF('Scheduled Intervals'!Y7>0,ROUND(('Hours Per Job'!Y7*'Total Cost for Plan'!$B$36+'Parts Cost Per Job'!Y7*((1+'Total Cost for Plan'!$B$37)*'Total Cost for Plan'!$B$38))*ROUNDDOWN($B$1/'Scheduled Intervals'!Y7,0),2),0) -> 0 | Z7: =IF('Scheduled Intervals'!Z7>0,ROUND(('Hours Per Job'!Z7*'Total Cost for Plan'!$B$36+'Parts Cost Per Job'!Z7*((1+'Total Cost for Plan'!$B$37)*'Total Cost for Plan'!$B$38))*ROUNDDOWN($B$1/'Scheduled Intervals'!Z7,0),2),0) -> 0 | AA7: =IF('Scheduled Intervals'!AA7>0,ROUND(('Hours Per Job'!AA7*'Total Cost for Plan'!$B$36+'Parts Cost Per Job'!AA7*((1+'Total Cost for Plan'!$B$37)*'Total Cost for Plan'!$B$38))*ROUNDDOWN($B$1/'Scheduled Intervals'!AA7,0),2),0) -> 0 | AB7: =IF('Scheduled Intervals'!AB7>0,ROUND(('Hours Per Job'!AB7*'Total Cost for Plan'!$B$36+'Parts Cost Per Job'!AB7*((1+'Total Cost for Plan'!$B$37)*'Total Cost for Plan'!$B$38))*ROUNDDOWN($B$1/'Scheduled Intervals'!AB7,0),2),0) -> 0 | ... BM7: =IF('Scheduled Intervals'!BM7>0,ROUND(('Hours Per Job'!BM7*'Total Cost for Plan'!$B$36+'Parts Cost Per Job'!BM7*((1+'Total Cost for Plan'!$B$37)*'Total Cost for Plan'!$B$38))*ROUNDDOWN($B$1/'Scheduled Intervals'!BM7,0),2),0) -> 0 | BN7: =IF(AND('Scheduled Intervals'!BN$4="annual",'Plan Summary'!$C$5<'Scheduled Intervals'!$U7*('Plan Summary'!$C$9/12)),ROUND(('Hours Per Job'!BN7*'Total Cost for Plan'!$B$36+'Parts Cost Per Job'!BN7*((1+'Total Cost for Plan'!$B$37)*'Total Cost for Plan'!$B$38))*ROUND('Plan Summary'!$C$9/12,0),2),0) -> 469.61 | BO7: =IF(AND('Scheduled Intervals'!BO$4="annual",'Plan Summary'!$C$5<'Scheduled Intervals'!$U7*('Plan Summary'!$C$9/12)),ROUND(('Hours Per Job'!BO7*'Total Cost for Plan'!$B$36+'Parts Cost Per Job'!BO7*((1+'Total Cost for Plan'!$B$37)*'Total Cost for Plan'!$B$38))*ROUND('Plan Summary'!$C$9/12,0),2),0) -> 175.33 | BP7: =IF(AND('Scheduled Intervals'!BP$4="annual",'Plan Summary'!$C$5<'Scheduled Intervals'!$U7*('Plan Summary'!$C$9/12)),ROUND(('Hours Per Job'!BP7*'Total Cost for Plan'!$B$36+'Parts Cost Per Job'!BP7*((1+'Total Cost for Plan'!$B$37)*'Total Cost for Plan'!$B$38))*ROUND('Plan Summary'!$C$9/12,0),2),0) -> 630 | BQ7: =SUM(B7:BP7) -> 1890.13
A8: =+'Scheduled Intervals'!A8 -> Utility under 75 MX&M | B8: =ROUND(('Hours Per Job'!B8*'Total Cost for Plan'!$B$36+'Parts Cost Per Job'!B8*((1+'Total Cost for Plan'!$B$37)*'Total Cost for Plan'!$B$38)),2) -> 106.01 | C8: =ROUND(('Hours Per Job'!C8*'Total Cost for Plan'!$B$36+'Parts Cost Per Job'!C8*((1+'Total Cost for Plan'!$B$37)*'Total Cost for Plan'!$B$38)),2) -> 0 | D8: =ROUND(('Hours Per Job'!D8*'Total Cost for Plan'!$B$36+'Parts Cost Per Job'!D8*((1+'Total Cost for Plan'!$B$37)*'Total Cost for Plan'!$B$38)),2) -> 0 | E8: =ROUND(('Hours Per Job'!E8*'Total Cost for Plan'!$B$36+'Parts Cost Per Job'!E8*((1+'Total Cost for Plan'!$B$37)*'Total Cost for Plan'!$B$38)),2) -> 0 | F8: =ROUND(('Hours Per Job'!F8*'Total Cost for Plan'!$B$36+'Parts Cost Per Job'!F8*((1+'Total Cost for Plan'!$B$37)*'Total Cost for Plan'!$B$38)),2) -> 161.44 | G8: =ROUND(('Hours Per Job'!G8*'Total Cost for Plan'!$B$36+'Parts Cost Per Job'!G8*((1+'Total Cost for Plan'!$B$37)*'Total Cost for Plan'!$B$38)),2) -> 0 | H8: =ROUND(('Hours Per Job'!H8*'Total Cost for Plan'!$B$36+'Parts Cost Per Job'!H8*((1+'Total Cost for Plan'!$B$37)*'Total Cost for Plan'!$B$38)),2) -> 35.07 | I8: =ROUND(('Hours Per Job'!I8*'Total Cost for Plan'!$B$36+'Parts Cost Per Job'!I8*((1+'Total Cost for Plan'!$B$37)*'Total Cost for Plan'!$B$38)),2) -> 30 | ... T8: =ROUND(('Hours Per Job'!T8*'Total Cost for Plan'!$B$36+'Parts Cost Per Job'!T8*((1+'Total Cost for Plan'!$B$37)*'Total Cost for Plan'!$B$38)),2) -> 0 | U8: =IF('Scheduled Intervals'!U8>0,ROUND(('Hours Per Job'!U8*'Total Cost for Plan'!$B$36+'Parts Cost Per Job'!U8*((1+'Total Cost for Plan'!$B$37)*'Total Cost for Plan'!$B$38))*ROUNDDOWN($B$1/'Scheduled Intervals'!U8,0),2),0) -> 0 | V8: =IF('Scheduled Intervals'!V8>0,ROUND(('Hours Per Job'!V8*'Total Cost for Plan'!$B$36+'Parts Cost Per Job'!V8*((1+'Total Cost for Plan'!$B$37)*'Total Cost for Plan'!$B$38))*ROUNDDOWN($B$1/'Scheduled Intervals'!V8,0),2),0) -> 0 | W8: =IF('Scheduled Intervals'!W8>0,ROUND(('Hours Per Job'!W8*'Total Cost for Plan'!$B$36+'Parts Cost Per Job'!W8*((1+'Total Cost for Plan'!$B$37)*'Total Cost for Plan'!$B$38))*ROUNDDOWN($B$1/'Scheduled Intervals'!W8,0),2),0) -> 0 | X8: =IF('Scheduled Intervals'!X8>0,ROUND(('Hours Per Job'!X8*'Total Cost for Plan'!$B$36+'Parts Cost Per Job'!X8*((1+'Total Cost for Plan'!$B$37)*'Total Cost for Plan'!$B$38))*ROUNDDOWN($B$1/'Scheduled Intervals'!X8,0),2),0) -> 0 | Y8: =IF('Scheduled Intervals'!Y8>0,ROUND(('Hours Per Job'!Y8*'Total Cost for Plan'!$B$36+'Parts Cost Per Job'!Y8*((1+'Total Cost for Plan'!$B$37)*'Total Cost for Plan'!$B$38))*ROUNDDOWN($B$1/'Scheduled Intervals'!Y8,0),2),0) -> 0 | Z8: =IF('Scheduled Intervals'!Z8>0,ROUND(('Hours Per Job'!Z8*'Total Cost for Plan'!$B$36+'Parts Cost Per Job'!Z8*((1+'Total Cost for Plan'!$B$37)*'Total Cost for Plan'!$B$38))*ROUNDDOWN($B$1/'Scheduled Intervals'!Z8,0),2),0) -> 0 | AA8: =IF('Scheduled Intervals'!AA8>0,ROUND(('Hours Per Job'!AA8*'Total Cost for Plan'!$B$36+'Parts Cost Per Job'!AA8*((1+'Total Cost for Plan'!$B$37)*'Total Cost for Plan'!$B$38))*ROUNDDOWN($B$1/'Scheduled Intervals'!AA8,0),2),0) -> 0 | AB8: =IF('Scheduled Intervals'!AB8>0,ROUND(('Hours Per Job'!AB8*'Total Cost for Plan'!$B$36+'Parts Cost Per Job'!AB8*((1+'Total Cost for Plan'!$B$37)*'Total Cost for Plan'!$B$38))*ROUNDDOWN($B$1/'Scheduled Intervals'!AB8,0),2),0) -> 0 | ... BM8: =IF('Scheduled Intervals'!BM8>0,ROUND(('Hours Per Job'!BM8*'Total Cost for Plan'!$B$36+'Parts Cost Per Job'!BM8*((1+'Total Cost for Plan'!$B$37)*'Total Cost for Plan'!$B$38))*ROUNDDOWN($B$1/'Scheduled Intervals'!BM8,0),2),0) -> 0 | BN8: =IF(AND('Scheduled Intervals'!BN$4="annual",'Plan Summary'!$C$5<'Scheduled Intervals'!$U8*('Plan Summary'!$C$9/12)),ROUND(('Hours Per Job'!BN8*'Total Cost for Plan'!$B$36+'Parts Cost Per Job'!BN8*((1+'Total Cost for Plan'!$B$37)*'Total Cost for Plan'!$B$38))*ROUND('Plan Summary'!$C$9/12,0),2),0) -> 530.04 | BO8: =IF(AND('Scheduled Intervals'!BO$4="annual",'Plan Summary'!$C$5<'Scheduled Intervals'!$U8*('Plan Summary'!$C$9/12)),ROUND(('Hours Per Job'!BO8*'Total Cost for Plan'!$B$36+'Parts Cost Per Job'!BO8*((1+'Total Cost for Plan'!$B$37)*'Total Cost for Plan'!$B$38))*ROUND('Plan Summary'!$C$9/12,0),2),0) -> 175.33 | BP8: =IF(AND('Scheduled Intervals'!BP$4="annual",'Plan Summary'!$C$5<'Scheduled Intervals'!$U8*('Plan Summary'!$C$9/12)),ROUND(('Hours Per Job'!BP8*'Total Cost for Plan'!$B$36+'Parts Cost Per Job'!BP8*((1+'Total Cost for Plan'!$B$37)*'Total Cost for Plan'!$B$38))*ROUND('Plan Summary'!$C$9/12,0),2),0) -> 630 | BQ8: =SUM(B8:BP8) -> 1667.89
A9: =+'Scheduled Intervals'!A9 -> Utility over 75 M4 class | B9: =ROUND(('Hours Per Job'!B9*'Total Cost for Plan'!$B$36+'Parts Cost Per Job'!B9*((1+'Total Cost for Plan'!$B$37)*'Total Cost for Plan'!$B$38)),2) -> 143.66 | C9: =ROUND(('Hours Per Job'!C9*'Total Cost for Plan'!$B$36+'Parts Cost Per Job'!C9*((1+'Total Cost for Plan'!$B$37)*'Total Cost for Plan'!$B$38)),2) -> 0 | D9: =ROUND(('Hours Per Job'!D9*'Total Cost for Plan'!$B$36+'Parts Cost Per Job'!D9*((1+'Total Cost for Plan'!$B$37)*'Total Cost for Plan'!$B$38)),2) -> 0 | E9: =ROUND(('Hours Per Job'!E9*'Total Cost for Plan'!$B$36+'Parts Cost Per Job'!E9*((1+'Total Cost for Plan'!$B$37)*'Total Cost for Plan'!$B$38)),2) -> 0 | F9: =ROUND(('Hours Per Job'!F9*'Total Cost for Plan'!$B$36+'Parts Cost Per Job'!F9*((1+'Total Cost for Plan'!$B$37)*'Total Cost for Plan'!$B$38)),2) -> 0 | G9: =ROUND(('Hours Per Job'!G9*'Total Cost for Plan'!$B$36+'Parts Cost Per Job'!G9*((1+'Total Cost for Plan'!$B$37)*'Total Cost for Plan'!$B$38)),2) -> 0 | H9: =ROUND(('Hours Per Job'!H9*'Total Cost for Plan'!$B$36+'Parts Cost Per Job'!H9*((1+'Total Cost for Plan'!$B$37)*'Total Cost for Plan'!$B$38)),2) -> 35.07 | I9: =ROUND(('Hours Per Job'!I9*'Total Cost for Plan'!$B$36+'Parts Cost Per Job'!I9*((1+'Total Cost for Plan'!$B$37)*'Total Cost for Plan'!$B$38)),2) -> 30 | ... T9: =ROUND(('Hours Per Job'!T9*'Total Cost for Plan'!$B$36+'Parts Cost Per Job'!T9*((1+'Total Cost for Plan'!$B$37)*'Total Cost for Plan'!$B$38)),2) -> 0 | U9: =IF('Scheduled Intervals'!U9>0,ROUND(('Hours Per Job'!U9*'Total Cost for Plan'!$B$36+'Parts Cost Per Job'!U9*((1+'Total Cost for Plan'!$B$37)*'Total Cost for Plan'!$B$38))*ROUNDDOWN($B$1/'Scheduled Intervals'!U9,0),2),0) -> 0 | V9: =IF('Scheduled Intervals'!V9>0,ROUND(('Hours Per Job'!V9*'Total Cost for Plan'!$B$36+'Parts Cost Per Job'!V9*((1+'Total Cost for Plan'!$B$37)*'Total Cost for Plan'!$B$38))*ROUNDDOWN($B$1/'Scheduled Intervals'!V9,0),2),0) -> 0 | W9: =IF('Scheduled Intervals'!W9>0,ROUND(('Hours Per Job'!W9*'Total Cost for Plan'!$B$36+'Parts Cost Per Job'!W9*((1+'Total Cost for Plan'!$B$37)*'Total Cost for Plan'!$B$38))*ROUNDDOWN($B$1/'Scheduled Intervals'!W9,0),2),0) -> 0 | X9: =IF('Scheduled Intervals'!X9>0,ROUND(('Hours Per Job'!X9*'Total Cost for Plan'!$B$36+'Parts Cost Per Job'!X9*((1+'Total Cost for Plan'!$B$37)*'Total Cost for Plan'!$B$38))*ROUNDDOWN($B$1/'Scheduled Intervals'!X9,0),2),0) -> 0 | Y9: =IF('Scheduled Intervals'!Y9>0,ROUND(('Hours Per Job'!Y9*'Total Cost for Plan'!$B$36+'Parts Cost Per Job'!Y9*((1+'Total Cost for Plan'!$B$37)*'Total Cost for Plan'!$B$38))*ROUNDDOWN($B$1/'Scheduled Intervals'!Y9,0),2),0) -> 0 | Z9: =IF('Scheduled Intervals'!Z9>0,ROUND(('Hours Per Job'!Z9*'Total Cost for Plan'!$B$36+'Parts Cost Per Job'!Z9*((1+'Total Cost for Plan'!$B$37)*'Total Cost for Plan'!$B$38))*ROUNDDOWN($B$1/'Scheduled Intervals'!Z9,0),2),0) -> 0 | AA9: =IF('Scheduled Intervals'!AA9>0,ROUND(('Hours Per Job'!AA9*'Total Cost for Plan'!$B$36+'Parts Cost Per Job'!AA9*((1+'Total Cost for Plan'!$B$37)*'Total Cost for Plan'!$B$38))*ROUNDDOWN($B$1/'Scheduled Intervals'!AA9,0),2),0) -> 0 | AB9: =IF('Scheduled Intervals'!AB9>0,ROUND(('Hours Per Job'!AB9*'Total Cost for Plan'!$B$36+'Parts Cost Per Job'!AB9*((1+'Total Cost for Plan'!$B$37)*'Total Cost for Plan'!$B$38))*ROUNDDOWN($B$1/'Scheduled Intervals'!AB9,0),2),0) -> 0 | ... BM9: =IF('Scheduled Intervals'!BM9>0,ROUND(('Hours Per Job'!BM9*'Total Cost for Plan'!$B$36+'Parts Cost Per Job'!BM9*((1+'Total Cost for Plan'!$B$37)*'Total Cost for Plan'!$B$38))*ROUNDDOWN($B$1/'Scheduled Intervals'!BM9,0),2),0) -> 0 | BN9: =IF(AND('Scheduled Intervals'!BN$4="annual",'Plan Summary'!$C$5<'Scheduled Intervals'!$U9*('Plan Summary'!$C$9/12)),ROUND(('Hours Per Job'!BN9*'Total Cost for Plan'!$B$36+'Parts Cost Per Job'!BN9*((1+'Total Cost for Plan'!$B$37)*'Total Cost for Plan'!$B$38))*ROUND('Plan Summary'!$C$9/12,0),2),0) -> 718.3 | BO9: =IF(AND('Scheduled Intervals'!BO$4="annual",'Plan Summary'!$C$5<'Scheduled Intervals'!$U9*('Plan Summary'!$C$9/12)),ROUND(('Hours Per Job'!BO9*'Total Cost for Plan'!$B$36+'Parts Cost Per Job'!BO9*((1+'Total Cost for Plan'!$B$37)*'Total Cost for Plan'!$B$38))*ROUND('Plan Summary'!$C$9/12,0),2),0) -> 175.33 | BP9: =IF(AND('Scheduled Intervals'!BP$4="annual",'Plan Summary'!$C$5<'Scheduled Intervals'!$U9*('Plan Summary'!$C$9/12)),ROUND(('Hours Per Job'!BP9*'Total Cost for Plan'!$B$36+'Parts Cost Per Job'!BP9*((1+'Total Cost for Plan'!$B$37)*'Total Cost for Plan'!$B$38))*ROUND('Plan Summary'!$C$9/12,0),2),0) -> 630 | BQ9: =SUM(B9:BP9) -> 1732.36
A10: =+'Scheduled Intervals'!A10 -> Large Ag M6 | B10: =ROUND(('Hours Per Job'!B10*'Total Cost for Plan'!$B$36+'Parts Cost Per Job'!B10*((1+'Total Cost for Plan'!$B$37)*'Total Cost for Plan'!$B$38)),2) -> 238.46 | C10: =ROUND(('Hours Per Job'!C10*'Total Cost for Plan'!$B$36+'Parts Cost Per Job'!C10*((1+'Total Cost for Plan'!$B$37)*'Total Cost for Plan'!$B$38)),2) -> 48 | D10: =ROUND(('Hours Per Job'!D10*'Total Cost for Plan'!$B$36+'Parts Cost Per Job'!D10*((1+'Total Cost for Plan'!$B$37)*'Total Cost for Plan'!$B$38)),2) -> 0 | E10: =ROUND(('Hours Per Job'!E10*'Total Cost for Plan'!$B$36+'Parts Cost Per Job'!E10*((1+'Total Cost for Plan'!$B$37)*'Total Cost for Plan'!$B$38)),2) -> 0 | F10: =ROUND(('Hours Per Job'!F10*'Total Cost for Plan'!$B$36+'Parts Cost Per Job'!F10*((1+'Total Cost for Plan'!$B$37)*'Total Cost for Plan'!$B$38)),2) -> 160.49 | G10: =ROUND(('Hours Per Job'!G10*'Total Cost for Plan'!$B$36+'Parts Cost Per Job'!G10*((1+'Total Cost for Plan'!$B$37)*'Total Cost for Plan'!$B$38)),2) -> 0 | H10: =ROUND(('Hours Per Job'!H10*'Total Cost for Plan'!$B$36+'Parts Cost Per Job'!H10*((1+'Total Cost for Plan'!$B$37)*'Total Cost for Plan'!$B$38)),2) -> 71.07 | I10: =ROUND(('Hours Per Job'!I10*'Total Cost for Plan'!$B$36+'Parts Cost Per Job'!I10*((1+'Total Cost for Plan'!$B$37)*'Total Cost for Plan'!$B$38)),2) -> 30 | ... T10: =ROUND(('Hours Per Job'!T10*'Total Cost for Plan'!$B$36+'Parts Cost Per Job'!T10*((1+'Total Cost for Plan'!$B$37)*'Total Cost for Plan'!$B$38)),2) -> 0 | U10: =IF('Scheduled Intervals'!U10>0,ROUND(('Hours Per Job'!U10*'Total Cost for Plan'!$B$36+'Parts Cost Per Job'!U10*((1+'Total Cost for Plan'!$B$37)*'Total Cost for Plan'!$B$38))*ROUNDDOWN($B$1/'Scheduled Intervals'!U10,0),2),0) -> 0 | V10: =IF('Scheduled Intervals'!V10>0,ROUND(('Hours Per Job'!V10*'Total Cost for Plan'!$B$36+'Parts Cost Per Job'!V10*((1+'Total Cost for Plan'!$B$37)*'Total Cost for Plan'!$B$38))*ROUNDDOWN($B$1/'Scheduled Intervals'!V10,0),2),0) -> 0 | W10: =IF('Scheduled Intervals'!W10>0,ROUND(('Hours Per Job'!W10*'Total Cost for Plan'!$B$36+'Parts Cost Per Job'!W10*((1+'Total Cost for Plan'!$B$37)*'Total Cost for Plan'!$B$38))*ROUNDDOWN($B$1/'Scheduled Intervals'!W10,0),2),0) -> 0 | X10: =IF('Scheduled Intervals'!X10>0,ROUND(('Hours Per Job'!X10*'Total Cost for Plan'!$B$36+'Parts Cost Per Job'!X10*((1+'Total Cost for Plan'!$B$37)*'Total Cost for Plan'!$B$38))*ROUNDDOWN($B$1/'Scheduled Intervals'!X10,0),2),0) -> 0 | Y10: =IF('Scheduled Intervals'!Y10>0,ROUND(('Hours Per Job'!Y10*'Total Cost for Plan'!$B$36+'Parts Cost Per Job'!Y10*((1+'Total Cost for Plan'!$B$37)*'Total Cost for Plan'!$B$38))*ROUNDDOWN($B$1/'Scheduled Intervals'!Y10,0),2),0) -> 0 | Z10: =IF('Scheduled Intervals'!Z10>0,ROUND(('Hours Per Job'!Z10*'Total Cost for Plan'!$B$36+'Parts Cost Per Job'!Z10*((1+'Total Cost for Plan'!$B$37)*'Total Cost for Plan'!$B$38))*ROUNDDOWN($B$1/'Scheduled Intervals'!Z10,0),2),0) -> 0 | AA10: =IF('Scheduled Intervals'!AA10>0,ROUND(('Hours Per Job'!AA10*'Total Cost for Plan'!$B$36+'Parts Cost Per Job'!AA10*((1+'Total Cost for Plan'!$B$37)*'Total Cost for Plan'!$B$38))*ROUNDDOWN($B$1/'Scheduled Intervals'!AA10,0),2),0) -> 0 | AB10: =IF('Scheduled Intervals'!AB10>0,ROUND(('Hours Per Job'!AB10*'Total Cost for Plan'!$B$36+'Parts Cost Per Job'!AB10*((1+'Total Cost for Plan'!$B$37)*'Total Cost for Plan'!$B$38))*ROUNDDOWN($B$1/'Scheduled Intervals'!AB10,0),2),0) -> 0 | ... BM10: =IF('Scheduled Intervals'!BM10>0,ROUND(('Hours Per Job'!BM10*'Total Cost for Plan'!$B$36+'Parts Cost Per Job'!BM10*((1+'Total Cost for Plan'!$B$37)*'Total Cost for Plan'!$B$38))*ROUNDDOWN($B$1/'Scheduled Intervals'!BM10,0),2),0) -> 0 | BN10: =IF(AND('Scheduled Intervals'!BN$4="annual",'Plan Summary'!$C$5<'Scheduled Intervals'!$U10*('Plan Summary'!$C$9/12)),ROUND(('Hours Per Job'!BN10*'Total Cost for Plan'!$B$36+'Parts Cost Per Job'!BN10*((1+'Total Cost for Plan'!$B$37)*'Total Cost for Plan'!$B$38))*ROUND('Plan Summary'!$C$9/12,0),2),0) -> 1192.32 | BO10: =IF(AND('Scheduled Intervals'!BO$4="annual",'Plan Summary'!$C$5<'Scheduled Intervals'!$U10*('Plan Summary'!$C$9/12)),ROUND(('Hours Per Job'!BO10*'Total Cost for Plan'!$B$36+'Parts Cost Per Job'!BO10*((1+'Total Cost for Plan'!$B$37)*'Total Cost for Plan'!$B$38))*ROUND('Plan Summary'!$C$9/12,0),2),0) -> 355.33 | BP10: =IF(AND('Scheduled Intervals'!BP$4="annual",'Plan Summary'!$C$5<'Scheduled Intervals'!$U10*('Plan Summary'!$C$9/12)),ROUND(('Hours Per Job'!BP10*'Total Cost for Plan'!$B$36+'Parts Cost Per Job'!BP10*((1+'Total Cost for Plan'!$B$37)*'Total Cost for Plan'!$B$38))*ROUND('Plan Summary'!$C$9/12,0),2),0) -> 630 | BQ10: =SUM(B10:BP10) -> 2725.67
A11: =+'Scheduled Intervals'!A11 -> Skid Steer | B11: =ROUND(('Hours Per Job'!B11*'Total Cost for Plan'!$B$36+'Parts Cost Per Job'!B11*((1+'Total Cost for Plan'!$B$37)*'Total Cost for Plan'!$B$38)),2) -> 182.54 | C11: =ROUND(('Hours Per Job'!C11*'Total Cost for Plan'!$B$36+'Parts Cost Per Job'!C11*((1+'Total Cost for Plan'!$B$37)*'Total Cost for Plan'!$B$38)),2) -> 0 | D11: =ROUND(('Hours Per Job'!D11*'Total Cost for Plan'!$B$36+'Parts Cost Per Job'!D11*((1+'Total Cost for Plan'!$B$37)*'Total Cost for Plan'!$B$38)),2) -> 36 | E11: =ROUND(('Hours Per Job'!E11*'Total Cost for Plan'!$B$36+'Parts Cost Per Job'!E11*((1+'Total Cost for Plan'!$B$37)*'Total Cost for Plan'!$B$38)),2) -> 0 | F11: =ROUND(('Hours Per Job'!F11*'Total Cost for Plan'!$B$36+'Parts Cost Per Job'!F11*((1+'Total Cost for Plan'!$B$37)*'Total Cost for Plan'!$B$38)),2) -> 137.44 | G11: =ROUND(('Hours Per Job'!G11*'Total Cost for Plan'!$B$36+'Parts Cost Per Job'!G11*((1+'Total Cost for Plan'!$B$37)*'Total Cost for Plan'!$B$38)),2) -> 0 | H11: =ROUND(('Hours Per Job'!H11*'Total Cost for Plan'!$B$36+'Parts Cost Per Job'!H11*((1+'Total Cost for Plan'!$B$37)*'Total Cost for Plan'!$B$38)),2) -> 71.07 | I11: =ROUND(('Hours Per Job'!I11*'Total Cost for Plan'!$B$36+'Parts Cost Per Job'!I11*((1+'Total Cost for Plan'!$B$37)*'Total Cost for Plan'!$B$38)),2) -> 30 | ... T11: =ROUND(('Hours Per Job'!T11*'Total Cost for Plan'!$B$36+'Parts Cost Per Job'!T11*((1+'Total Cost for Plan'!$B$37)*'Total Cost for Plan'!$B$38)),2) -> 0 | U11: =IF('Scheduled Intervals'!U11>0,ROUND(('Hours Per Job'!U11*'Total Cost for Plan'!$B$36+'Parts Cost Per Job'!U11*((1+'Total Cost for Plan'!$B$37)*'Total Cost for Plan'!$B$38))*ROUNDDOWN($B$1/'Scheduled Intervals'!U11,0),2),0) -> 0 | V11: =IF('Scheduled Intervals'!V11>0,ROUND(('Hours Per Job'!V11*'Total Cost for Plan'!$B$36+'Parts Cost Per Job'!V11*((1+'Total Cost for Plan'!$B$37)*'Total Cost for Plan'!$B$38))*ROUNDDOWN($B$1/'Scheduled Intervals'!V11,0),2),0) -> 0 | W11: =IF('Scheduled Intervals'!W11>0,ROUND(('Hours Per Job'!W11*'Total Cost for Plan'!$B$36+'Parts Cost Per Job'!W11*((1+'Total Cost for Plan'!$B$37)*'Total Cost for Plan'!$B$38))*ROUNDDOWN($B$1/'Scheduled Intervals'!W11,0),2),0) -> 0 | X11: =IF('Scheduled Intervals'!X11>0,ROUND(('Hours Per Job'!X11*'Total Cost for Plan'!$B$36+'Parts Cost Per Job'!X11*((1+'Total Cost for Plan'!$B$37)*'Total Cost for Plan'!$B$38))*ROUNDDOWN($B$1/'Scheduled Intervals'!X11,0),2),0) -> 0 | Y11: =IF('Scheduled Intervals'!Y11>0,ROUND(('Hours Per Job'!Y11*'Total Cost for Plan'!$B$36+'Parts Cost Per Job'!Y11*((1+'Total Cost for Plan'!$B$37)*'Total Cost for Plan'!$B$38))*ROUNDDOWN($B$1/'Scheduled Intervals'!Y11,0),2),0) -> 0 | Z11: =IF('Scheduled Intervals'!Z11>0,ROUND(('Hours Per Job'!Z11*'Total Cost for Plan'!$B$36+'Parts Cost Per Job'!Z11*((1+'Total Cost for Plan'!$B$37)*'Total Cost for Plan'!$B$38))*ROUNDDOWN($B$1/'Scheduled Intervals'!Z11,0),2),0) -> 0 | AA11: =IF('Scheduled Intervals'!AA11>0,ROUND(('Hours Per Job'!AA11*'Total Cost for Plan'!$B$36+'Parts Cost Per Job'!AA11*((1+'Total Cost for Plan'!$B$37)*'Total Cost for Plan'!$B$38))*ROUNDDOWN($B$1/'Scheduled Intervals'!AA11,0),2),0) -> 0 | AB11: =IF('Scheduled Intervals'!AB11>0,ROUND(('Hours Per Job'!AB11*'Total Cost for Plan'!$B$36+'Parts Cost Per Job'!AB11*((1+'Total Cost for Plan'!$B$37)*'Total Cost for Plan'!$B$38))*ROUNDDOWN($B$1/'Scheduled Intervals'!AB11,0),2),0) -> 0 | ... BM11: =IF('Scheduled Intervals'!BM11>0,ROUND(('Hours Per Job'!BM11*'Total Cost for Plan'!$B$36+'Parts Cost Per Job'!BM11*((1+'Total Cost for Plan'!$B$37)*'Total Cost for Plan'!$B$38))*ROUNDDOWN($B$1/'Scheduled Intervals'!BM11,0),2),0) -> 0 | BN11: =IF(AND('Scheduled Intervals'!BN$4="annual",'Plan Summary'!$C$5<'Scheduled Intervals'!$U11*('Plan Summary'!$C$9/12)),ROUND(('Hours Per Job'!BN11*'Total Cost for Plan'!$B$36+'Parts Cost Per Job'!BN11*((1+'Total Cost for Plan'!$B$37)*'Total Cost for Plan'!$B$38))*ROUND('Plan Summary'!$C$9/12,0),2),0) -> 912.8 | BO11: =IF(AND('Scheduled Intervals'!BO$4="annual",'Plan Summary'!$C$5<'Scheduled Intervals'!$U11*('Plan Summary'!$C$9/12)),ROUND(('Hours Per Job'!BO11*'Total Cost for Plan'!$B$36+'Parts Cost Per Job'!BO11*((1+'Total Cost for Plan'!$B$37)*'Total Cost for Plan'!$B$38))*ROUND('Plan Summary'!$C$9/12,0),2),0) -> 355.33 | BP11: =IF(AND('Scheduled Intervals'!BP$4="annual",'Plan Summary'!$C$5<'Scheduled Intervals'!$U11*('Plan Summary'!$C$9/12)),ROUND(('Hours Per Job'!BP11*'Total Cost for Plan'!$B$36+'Parts Cost Per Job'!BP11*((1+'Total Cost for Plan'!$B$37)*'Total Cost for Plan'!$B$38))*ROUND('Plan Summary'!$C$9/12,0),2),0) -> 630 | BQ11: =SUM(B11:BP11) -> 2653.48
